DATE,CBBTCUSD,SP500,VIXCLS
21/12/2017,15758.8,2684.57,9.62
22/12/2017,14210.57,2683.34,9.9
23/12/2017,15075.89,.,.
24/12/2017,14221.94,2680.5,10.25
25/12/2017,14171.98,2682.62,10.47
26/12/2017,15790.88,2687.54,10.18
27/12/2017,15367.08,2673.61,11.04
28/12/2017,14450.01,.,.
29/12/2017,14565.05,2695.81,9.77
30/12/2017,12839.99,2713.06,9.15
31/12/2017,13863.13,2723.99,9.22
01/01/2018,13480.01,2743.15,9.22
02/01/2018,14781.51,2747.71,9.52
03/01/2018,15098.14,2751.29,10.08
04/01/2018,15144.99,2748.23,9.82
05/01/2018,16960.01,2767.56,9.88
06/01/2018,17098.99,2786.24,10.16
07/01/2018,16174.22,.,.
08/01/2018,14993.74,2776.42,11.66
09/01/2018,14480.99,2802.56,11.91
10/01/2018,14875.18,2798.03,12.22
11/01/2018,13308.06,2810.3,11.27
12/01/2018,13820,2832.97,11.03
13/01/2018,14187.95,2839.13,11.1
14/01/2018,13656.23,2837.54,11.47
15/01/2018,13590,2839.25,11.58
16/01/2018,11570.01,2872.87,11.08
17/01/2018,11200.01,2853.53,13.84
18/01/2018,11305.53,2822.43,14.79
19/01/2018,11498.99,2823.81,13.54
20/01/2018,12762.8,2821.98,13.47
21/01/2018,11518.17,2762.13,17.31
22/01/2018,10766.7,2648.94,37.32
23/01/2018,10824.94,2695.14,29.98
24/01/2018,11356.79,2681.66,27.73
25/01/2018,11118,2581,33.46
26/01/2018,11086.89,2619.55,29.06
27/01/2018,11319,2656,25.61
28/01/2018,11536,2662.94,24.97
29/01/2018,11123.01,2698.63,19.26
30/01/2018,9995,2731.2,19.13
31/01/2018,10099.99,2732.22,19.46
01/02/2018,9014.23,.,.
02/02/2018,8787.52,2716.26,20.6
03/02/2018,9240,2701.33,20.02
04/02/2018,8167.91,2703.96,18.72
05/02/2018,6905.19,2747.3,16.49
06/02/2018,7688.46,2779.6,15.8
07/02/2018,7575.75,2744.28,18.59
08/02/2018,8218.1,2713.83,19.85
09/02/2018,8671.01,2677.67,22.47
10/02/2018,8547.49,2691.25,19.59
11/02/2018,8072.99,2720.94,18.73
12/02/2018,8872.28,2728.12,18.36
13/02/2018,8520.01,2726.8,17.76
14/02/2018,9472.98,2738.97,16.54
15/02/2018,10031.23,2786.57,14.64
16/02/2018,10167.49,2783.02,15.78
17/02/2018,11121.5,2765.31,16.35
18/02/2018,10380.04,2749.48,17.23
19/02/2018,11140,2747.33,16.59
20/02/2018,11235.57,2752.01,15.8
21/02/2018,10454.27,2712.92,19.02
22/02/2018,9830,2716.94,18.2
23/02/2018,10144.99,2711.93,17.86
24/02/2018,9688.62,2643.69,23.34
25/02/2018,9597.99,2588.26,24.87
26/02/2018,10300,2658.55,21.03
27/02/2018,10566.57,2612.62,22.5
28/02/2018,10307.27,2605,22.87
01/03/2018,10895.92,2640.87,19.97
02/03/2018,11000,.,.
03/03/2018,11432.5,2581.88,23.62
04/03/2018,11469.9,2614.45,21.1
05/03/2018,11377.54,2644.69,20.06
06/03/2018,10700,2662.84,18.94
07/03/2018,9920,2604.47,21.49
08/03/2018,9304.9,2613.16,21.77
09/03/2018,9255,2656.87,20.47
10/03/2018,8795.44,2642.19,20.24
11/03/2018,9533.88,2663.99,18.49
12/03/2018,9120,2656.3,17.41
13/03/2018,9145.41,2677.84,16.56
14/03/2018,8207.03,2706.39,15.25
15/03/2018,8259.99,2708.64,15.6
16/03/2018,8275,2693.13,15.96
17/03/2018,7865.02,2670.14,16.88
18/03/2018,8192,2670.29,16.34
19/03/2018,8589,2634.56,18.02
20/03/2018,8900,2639.4,17.84
21/03/2018,8891.81,2666.94,16.24
22/03/2018,8715.09,2669.91,15.41
23/03/2018,8927.1,2648.05,15.93
24/03/2018,8531.34,2654.8,15.49
25/03/2018,8453,2635.67,15.97
26/03/2018,8145,2629.73,15.9
27/03/2018,7793.61,2663.42,14.77
28/03/2018,7942.72,2672.63,14.75
29/03/2018,7079.99,2671.92,14.71
30/03/2018,6848.01,2697.79,13.42
31/03/2018,6928.5,2723.07,13.23
01/04/2018,6816.01,2727.72,12.65
02/04/2018,7045.01,2730.13,12.93
03/04/2018,7424.9,2711.45,14.63
04/04/2018,6791.68,2722.46,13.42
05/04/2018,6785.85,2720.13,13.43
06/04/2018,6619.01,2712.97,13.42
07/04/2018,6894.01,2733.01,13.08
08/04/2018,7020.01,2724.44,13.22
09/04/2018,6771.13,2733.29,12.58
10/04/2018,6824.99,2727.76,12.53
11/04/2018,6942.99,2721.33,13.22
12/04/2018,7916,.,.
13/04/2018,7893.19,2689.86,17.02
14/04/2018,8003.11,2724.01,14.94
15/04/2018,8355.25,2705.27,15.43
16/04/2018,8048.93,2734.62,13.46
17/04/2018,7892.1,2746.87,12.74
18/04/2018,8152.05,2748.8,12.4
19/04/2018,8274,2772.35,11.64
20/04/2018,8866.27,2770.37,12.13
21/04/2018,8915.42,2779.03,12.18
22/04/2018,8795.01,2782,12.35
23/04/2018,8931.3,2786.85,12.34
24/04/2018,9650,2775.63,12.94
25/04/2018,8865.98,2782.49,12.12
26/04/2018,9272.11,2779.66,11.98
27/04/2018,8922.55,2773.75,12.31
28/04/2018,9329.99,2762.59,13.35
29/04/2018,9389.01,2767.32,12.79
30/04/2018,9243.82,2749.76,14.64
01/05/2018,9072.29,2754.88,13.77
02/05/2018,9190.48,2717.07,17.33
03/05/2018,9725.74,2723.06,15.92
04/05/2018,9685,2699.63,17.91
05/05/2018,9800,2716.31,16.85
06/05/2018,9600,2718.37,16.09
07/05/2018,9356.25,2726.71,15.6
08/05/2018,9177.81,2713.22,16.14
09/05/2018,9300.08,.,.
10/05/2018,9010.51,2736.61,14.97
11/05/2018,8403.33,2759.82,13.37
12/05/2018,8475,2784.17,12.69
13/05/2018,8686.1,2793.84,12.64
14/05/2018,8670,2774.02,13.63
15/05/2018,8477.46,2798.29,12.58
16/05/2018,8344,2801.31,12.18
17/05/2018,8059,2798.43,12.83
18/05/2018,8238.51,2809.55,12.06
19/05/2018,8235.6,2815.62,12.1
20/05/2018,8516.86,2804.49,12.87
21/05/2018,8393.44,2801.83,12.86
22/05/2018,7987.7,2806.98,12.62
23/05/2018,7505,2820.4,12.41
24/05/2018,7584.15,2846.07,12.29
25/05/2018,7459.11,2837.44,12.14
26/05/2018,7337.95,2818.82,13.03
27/05/2018,7346.64,2802.6,14.26
28/05/2018,7107.94,2816.29,12.83
29/05/2018,7460,2813.36,13.15
30/05/2018,7380.01,2827.22,12.19
31/05/2018,7485,2840.35,11.64
01/06/2018,7514.32,2850.4,11.27
02/06/2018,7636.42,2858.45,10.93
03/06/2018,7706.37,2857.7,10.85
04/06/2018,7487.37,2853.58,11.27
05/06/2018,7612.51,2833.28,13.16
06/06/2018,7655,2821.93,14.78
07/06/2018,7684.93,2839.96,13.31
08/06/2018,7618.83,2818.37,14.64
09/06/2018,7496.4,2840.69,13.45
10/06/2018,6770.31,2850.13,12.64
11/06/2018,6881,2857.05,12.49
12/06/2018,6544.99,2862.96,12.86
13/06/2018,6302.32,2861.82,12.25
14/06/2018,6638.49,2856.98,12.41
15/06/2018,6391.22,2874.69,11.99
16/06/2018,6484.29,2896.74,12.16
17/06/2018,6447.16,2897.52,12.5
18/06/2018,6709.02,2914.04,12.25
19/06/2018,6736.41,2901.13,13.53
20/06/2018,6756.1,2901.52,12.86
21/06/2018,6719.01,.,.
22/06/2018,6059.82,2896.72,13.16
23/06/2018,6178.29,2888.6,13.91
24/06/2018,6149.99,2878.05,14.65
25/06/2018,6246.01,2871.68,14.88
26/06/2018,6074,2877.13,14.16
27/06/2018,6132.17,2887.89,13.22
28/06/2018,5851.66,2888.92,13.14
29/06/2018,6202.36,2904.18,12.37
30/06/2018,6383.19,2904.98,12.07
01/07/2018,6349.5,2888.8,13.68
02/07/2018,6611.79,2904.31,12.79
03/07/2018,6502.62,2907.95,11.75
04/07/2018,6587.47,2930.75,11.8
05/07/2018,6532.95,2929.67,11.68
06/07/2018,6600,2919.37,12.2
07/07/2018,6753.28,2915.56,12.42
08/07/2018,6701.97,2905.97,12.89
09/07/2018,6664.01,2914,12.41
10/07/2018,6303.7,2913.98,12.12
11/07/2018,6390.04,2924.59,12
12/07/2018,6249.75,2923.43,12.05
13/07/2018,6216.29,2925.51,11.61
14/07/2018,6248.65,2901.61,14.22
15/07/2018,6348.73,2885.57,14.82
16/07/2018,6728.81,2884.43,15.69
17/07/2018,7315.01,2880.34,15.95
18/07/2018,7378.99,2785.68,22.96
19/07/2018,7470.01,2728.37,24.98
20/07/2018,7334.46,2767.13,21.31
21/07/2018,7408,2750.79,21.3
22/07/2018,7397.8,2809.92,17.62
23/07/2018,7720.09,2809.21,17.4
24/07/2018,8385.5,2768.78,20.06
25/07/2018,8157.15,2767.78,19.89
26/07/2018,7931.99,2755.88,19.64
27/07/2018,8184.21,2740.69,20.71
28/07/2018,8228.9,2656.1,25.23
29/07/2018,8216.34,2705.57,24.22
30/07/2018,8170.01,2658.69,24.16
31/07/2018,7727.27,2641.25,24.7
01/08/2018,7603.99,2682.63,23.35
02/08/2018,7533.92,2711.74,21.23
03/08/2018,7414.08,2740.37,19.34
04/08/2018,7005,2723.06,19.51
05/08/2018,7030.01,2738.31,19.96
06/08/2018,6938,2755.45,19.91
07/08/2018,6718.22,2813.89,16.36
08/08/2018,6282.5,2806.83,16.72
09/08/2018,6546.45,2781.01,17.36
10/08/2018,6146.01,2726.22,20.45
11/08/2018,6235.56,2722.18,20.02
12/08/2018,6316.01,2701.58,21.25
13/08/2018,6253.67,2730.2,19.98
14/08/2018,6195.01,2736.27,18.14
15/08/2018,6269.01,2690.73,20.1
16/08/2018,6315.9,2641.89,22.48
17/08/2018,6585.49,2649.93,20.8
18/08/2018,6396.64,.,.
19/08/2018,6489.53,2632.56,21.52
20/08/2018,6258.74,2673.45,18.9
21/08/2018,6475.89,2682.17,19.02
22/08/2018,6359.99,2743.79,18.49
23/08/2018,6526.36,2737.76,18.79
24/08/2018,6690.88,2760.17,18.07
25/08/2018,6737.52,2790.37,16.44
26/08/2018,6709.98,2700.06,20.74
27/08/2018,6911.9,.,.
28/08/2018,7071.01,2695.95,21.19
29/08/2018,7030.9,2633.08,23.23
30/08/2018,6983,2637.72,22.64
31/08/2018,7015.01,2636.78,21.76
01/09/2018,7191.08,2651.07,21.46
02/09/2018,7295,2650.54,20.65
03/09/2018,7256.98,2599.95,21.63
04/09/2018,7360,2545.94,24.52
05/09/2018,6687.96,2546.16,25.58
06/09/2018,6495,2506.96,25.58
07/09/2018,6395.01,2467.42,28.38
08/09/2018,6188,2416.62,30.11
09/09/2018,6235.01,2351.1,36.07
10/09/2018,6300,.,.
11/09/2018,6282.53,2467.7,30.41
12/09/2018,6326,2488.83,29.96
13/09/2018,6485.99,2485.74,28.34
14/09/2018,6478.04,2506.85,25.42
15/09/2018,6518.68,.,.
16/09/2018,6498,2510.03,23.22
17/09/2018,6250.7,2447.89,25.45
18/09/2018,6335.7,2531.94,21.38
19/09/2018,6386.94,2549.69,21.4
20/09/2018,6493.11,2574.41,20.47
21/09/2018,6750,2584.96,19.98
22/09/2018,6707.33,2596.64,19.5
23/09/2018,6696.99,2596.26,18.19
24/09/2018,6582.09,2582.61,19.07
25/09/2018,6436.89,2610.3,18.6
26/09/2018,6455.66,2616.1,19.04
27/09/2018,6680.01,2635.96,18.06
28/09/2018,6620.01,2670.71,17.8
29/09/2018,6581,.,.
30/09/2018,6605,2632.9,20.8
01/10/2018,6572.83,2638.7,19.52
02/10/2018,6498.46,2642.33,18.89
03/10/2018,6466.03,2664.76,17.42
04/10/2018,6547.45,2643.85,18.87
05/10/2018,6593.94,2640,19.13
06/10/2018,6552.43,2681.05,17.66
07/10/2018,6570,2704.1,16.57
08/10/2018,6608.07,2706.53,16.14
09/10/2018,6589.48,2724.87,15.73
10/10/2018,6524.56,2737.7,15.57
11/10/2018,6154.69,2731.61,15.38
12/10/2018,6188.01,2706.05,16.37
13/10/2018,6196,2707.88,15.72
14/10/2018,6183.49,2709.8,15.97
15/10/2018,6440.42,2744.73,15.43
16/10/2018,6457.11,2753.03,15.65
17/10/2018,6443.7,2745.73,16.22
18/10/2018,6394.96,2775.6,14.91
19/10/2018,6382.99,.,.
20/10/2018,6414,2779.76,14.88
21/10/2018,6415.88,2784.7,14.02
22/10/2018,6407.65,2774.88,14.46
23/10/2018,6395.14,2792.67,13.51
24/10/2018,6415.98,2796.11,14.85
25/10/2018,6395.58,2793.9,15.17
26/10/2018,6404.87,2792.38,14.7
27/10/2018,6409.12,2784.49,14.7
28/10/2018,6403.62,2803.69,13.57
29/10/2018,6266,2792.81,14.63
30/10/2018,6267.63,2789.65,14.74
31/10/2018,6304.18,2771.45,15.74
01/11/2018,6344,2748.93,16.59
02/11/2018,6349.8,2743.07,16.05
03/11/2018,6331.96,2783.3,14.33
04/11/2018,6423.28,2791.52,13.77
05/11/2018,6404,2810.92,13.41
06/11/2018,6448.5,2808.48,13.5
07/11/2018,6503.12,2822.48,12.88
08/11/2018,6406.24,2832.94,13.1
09/11/2018,6334.89,2832.57,13.56
10/11/2018,6347.42,2824.23,13.91
11/11/2018,6357.6,2854.88,13.63
12/11/2018,6327.87,2800.71,16.48
13/11/2018,6259.34,2798.36,16.33
14/11/2018,5605.46,2818.46,14.68
15/11/2018,5579.52,2805.37,15.15
16/11/2018,5512.24,2815.44,14.43
17/11/2018,5504.17,2834.4,13.71
18/11/2018,5560,2867.19,13.4
19/11/2018,4733.5,2867.24,13.36
20/11/2018,4349.23,2873.4,13.74
21/11/2018,4545.11,2879.39,13.58
22/11/2018,4265.36,2892.74,12.82
23/11/2018,4283.8,2895.77,13.18
24/11/2018,3774.99,2878.2,14.28
25/11/2018,3936.69,2888.21,13.3
26/11/2018,3731.32,2888.32,13.02
27/11/2018,3775,2907.41,12.01
28/11/2018,4225.03,2905.58,12.32
29/11/2018,4248,2907.06,12.18
30/11/2018,3976,2900.45,12.6
01/12/2018,4142.01,2905.03,12.09
02/12/2018,4103.19,.,.
03/12/2018,3833.47,2907.97,12.42
04/12/2018,3901.84,2933.68,12.28
05/12/2018,3694.39,2927.25,13.14
06/12/2018,3433.26,2926.17,13.25
07/12/2018,3380.01,2939.88,12.73
08/12/2018,3401,2943.03,13.11
09/12/2018,3531.18,2945.83,13.12
10/12/2018,3410.15,2923.73,14.8
11/12/2018,3349.36,2917.52,14.42
12/12/2018,3430.24,2945.64,12.87
13/12/2018,3265,2932.47,15.44
14/12/2018,3195.71,2884.05,19.32
15/12/2018,3183,2879.42,19.4
16/12/2018,3195,2870.72,19.1
17/12/2018,3496.82,2881.4,16.04
18/12/2018,3667.77,2811.87,20.55
19/12/2018,3682.51,2834.41,18.06
20/12/2018,4075.34,2850.96,16.44
21/12/2018,3839.06,2876.32,15.29
22/12/2018,3980.46,2859.53,15.96
23/12/2018,3944.93,2840.23,16.31
24/12/2018,4034,2864.36,14.95
25/12/2018,3780,2856.27,14.75
26/12/2018,3809.88,2822.24,16.92
27/12/2018,3589.89,2826.06,15.85
28/12/2018,3888.06,.,.
29/12/2018,3729.31,2802.39,17.5
30/12/2018,3829,2783.02,17.9
31/12/2018,3691.86,2788.86,17.3
01/01/2019,3826.1,2752.06,18.71
02/01/2019,3890.79,2744.45,18.86
03/01/2019,3787.57,2803.27,16.97
04/01/2019,3820.25,2826.15,16.09
05/01/2019,3798.62,2843.49,15.93
06/01/2019,4040.99,2873.34,16.3
07/01/2019,4006.01,2886.73,15.94
08/01/2019,3993.86,2885.72,15.99
09/01/2019,4004.12,2879.84,15.91
10/01/2019,3626.12,2891.64,15.82
11/01/2019,3635.69,2886.98,15.28
12/01/2019,3619.41,2889.67,15.35
13/01/2019,3514.24,2917.75,15.15
14/01/2019,3664.19,2926.46,14.33
15/01/2019,3580.76,2954.18,14.75
16/01/2019,3609.71,2950.46,15.4
17/01/2019,3640.65,2945.35,15.26
18/01/2019,3607.85,2917.38,16.28
19/01/2019,3682.65,2913.78,16.21
20/01/2019,3536.19,2924.92,15.82
21/01/2019,3531.76,2941.76,15.08
22/01/2019,3577.03,2964.33,14.06
23/01/2019,3553.01,2973.01,12.93
24/01/2019,3568.97,2995.82,12.57
25/01/2019,3562.17,.,.
26/01/2019,3556.07,2990.41,13.28
27/01/2019,3531.02,2975.95,13.96
28/01/2019,3429.95,2979.63,14.09
29/01/2019,3397.42,2993.07,13.03
30/01/2019,3437.55,2999.91,12.93
31/01/2019,3411.5,3013.77,12.39
01/02/2019,3437.5,3014.3,12.68
02/02/2019,3468.43,3004.04,12.86
03/02/2019,3414.78,2984.42,13.97
04/02/2019,3409.57,2995.11,13.53
05/02/2019,3428.4,2976.61,14.45
06/02/2019,3367.36,2985.03,13.53
07/02/2019,3359,3005.47,12.61
08/02/2019,3621.99,3019.56,12.07
09/02/2019,3623.73,3003.67,12.74
10/02/2019,3648.84,3025.86,12.16
11/02/2019,3590.36,3020.97,12.83
12/02/2019,3588.06,3013.18,13.94
13/02/2019,3576.68,2980.38,16.12
14/02/2019,3561.5,2953.56,17.87
15/02/2019,3566.59,2932.05,17.61
16/02/2019,3582.37,2844.74,24.59
17/02/2019,3625.08,2881.77,20.17
18/02/2019,3867,2883.98,19.49
19/02/2019,3888.01,2938.09,16.91
20/02/2019,3938.99,2918.65,17.97
21/02/2019,3897.71,2883.75,21.09
22/02/2019,3942.02,2926.32,17.52
23/02/2019,4110,2840.6,22.1
24/02/2019,3734.22,2847.6,21.18
25/02/2019,3818.79,2888.68,18.47
26/02/2019,3799.48,2923.65,16.88
27/02/2019,3799.91,2900.51,17.5
28/02/2019,3792.14,2924.43,15.8
01/03/2019,3806.17,2922.95,16.68
02/03/2019,3809.7,2847.11,19.87
03/03/2019,3786.93,2878.38,19.32
04/03/2019,3700.72,2869.16,20.31
05/03/2019,3844.59,2887.94,19.35
06/03/2019,3851.89,2924.58,17.88
07/03/2019,3857.05,2926.46,18.98
08/03/2019,3843.12,.,.
09/03/2019,3917,2906.27,19.66
10/03/2019,3900.93,2937.78,17.33
11/03/2019,3849.68,2976,16.27
12/03/2019,3860,2978.71,15
13/03/2019,3851.02,2978.43,15.27
14/03/2019,3853.95,2979.39,15.2
15/03/2019,3902.8,3000.93,14.61
16/03/2019,3990,3009.57,14.22
17/03/2019,3967.01,3007.39,13.74
18/03/2019,3970.5,2997.96,14.67
19/03/2019,4000.85,3005.7,14.44
20/03/2019,4031.85,3006.73,13.95
21/03/2019,3972.76,3006.79,14.05
22/03/2019,3983.78,2992.07,15.32
23/03/2019,3983.43,2991.78,14.91
24/03/2019,3969.52,2966.6,17.05
25/03/2019,3907.53,2984.87,15.96
26/03/2019,3921.45,2977.62,16.07
27/03/2019,4026.53,2961.79,17.22
28/03/2019,4011.17,2976.74,16.24
29/03/2019,4091.01,2940.25,18.56
30/03/2019,4094.14,2887.61,20.56
31/03/2019,4094.99,2910.63,19.12
01/04/2019,4137,2952.01,17.04
02/04/2019,4901.93,2938.79,17.86
03/04/2019,4975.97,2893.06,20.28
04/04/2019,4906.49,2919.4,18.64
05/04/2019,5040.66,2938.13,17.57
06/04/2019,5049.22,2970.27,15.58
07/04/2019,5194.79,2966.15,14.57
08/04/2019,5285.54,2995.68,13.54
09/04/2019,5187.21,2989.69,13.68
10/04/2019,5318.58,2997.95,13.79
11/04/2019,5041.3,2986.2,14.25
12/04/2019,5078.19,3006.72,14
13/04/2019,5066.22,2995.99,14.46
14/04/2019,5164.27,3004.52,14.01
15/04/2019,5029.99,3010.29,13.71
16/04/2019,5202.9,3022.55,12.65
17/04/2019,5227,3039.42,13.11
18/04/2019,5280.49,3036.89,13.2
19/04/2019,5290.36,3046.77,12.33
20/04/2019,5319.89,3037.56,13.22
21/04/2019,5297.64,3066.91,12.3
22/04/2019,5387.6,3078.27,12.83
23/04/2019,5532.75,3074.62,13.1
24/04/2019,5441.9,3076.78,12.62
25/04/2019,5134.81,3085.18,12.73
26/04/2019,5159.51,3093.08,12.07
27/04/2019,5170.6,3087.01,12.69
28/04/2019,5155,3091.84,12.68
29/04/2019,5148.25,3094.04,13
30/04/2019,5270.69,3096.63,13.05
01/05/2019,5321.15,3120.46,12.05
02/05/2019,5390.01,3122.03,12.46
03/05/2019,5657.4,3120.18,12.86
04/05/2019,5770.01,3108.46,12.78
05/05/2019,5715.86,3103.54,13.13
06/05/2019,5687.9,3110.29,12.34
07/05/2019,5748.45,3133.64,11.87
08/05/2019,5948.41,3140.52,11.54
09/05/2019,6153.09,3153.63,11.75
10/05/2019,6343.14,.,.
11/05/2019,7219.95,3140.98,12.62
12/05/2019,6979.76,3113.87,14.91
13/05/2019,7824.93,3093.2,15.96
14/05/2019,7990.92,3112.76,14.8
15/05/2019,8203.32,3117.43,14.52
16/05/2019,7878.96,3145.91,13.62
17/05/2019,7363.69,3135.96,15.86
18/05/2019,7262.4,3132.52,15.68
19/05/2019,8200,3141.63,14.99
20/05/2019,7999.54,3168.57,13.94
21/05/2019,7951.7,3168.8,12.63
22/05/2019,7626.48,3191.45,12.14
23/05/2019,7881.98,3192.52,12.29
24/05/2019,7994.88,3191.14,12.58
25/05/2019,8067.41,3205.37,12.5
26/05/2019,8760.03,3221.22,12.51
27/05/2019,8783.25,3224.01,12.61
28/05/2019,8686.5,3223.38,12.67
29/05/2019,8660.5,.,.
30/05/2019,8273.57,3239.91,12.65
31/05/2019,8550.18,3240.02,13.43
01/06/2019,8558.01,3221.29,14.82
02/06/2019,8741.17,3230.78,13.78
03/06/2019,8015.01,.,.
04/06/2019,7688.26,3257.85,12.47
05/06/2019,7766.91,3234.85,14.02
06/06/2019,7812.15,3246.28,13.85
07/06/2019,7992.17,3237.18,13.79
08/06/2019,7938.64,3253.05,13.45
09/06/2019,7623.84,3274.7,12.54
10/06/2019,8046.13,3265.35,12.56
11/06/2019,7918.2,3288.13,12.32
12/06/2019,8169.01,3283.15,12.39
13/06/2019,8256,3289.29,12.42
14/06/2019,8693.98,3316.81,12.32
15/06/2019,8861.33,3329.62,12.1
16/06/2019,8996.95,.,.
17/06/2019,9346.47,3320.79,12.85
18/06/2019,9089.99,3321.75,12.91
19/06/2019,9283.99,3325.54,12.98
20/06/2019,9542.6,3295.47,14.56
21/06/2019,10175.88,3243.63,18.23
22/06/2019,10658.3,3276.24,16.28
23/06/2019,10808.53,3273.4,16.39
24/06/2019,11040.03,3283.66,15.49
25/06/2019,11736.99,3225.52,18.84
26/06/2019,12902.52,3248.92,17.97
27/06/2019,11127.4,3297.59,16.05
28/06/2019,12317.73,3334.69,15.15
29/06/2019,11913.73,3345.78,14.96
30/06/2019,10778.74,3327.71,15.47
01/07/2019,10570.62,3352.09,15.04
02/07/2019,10885.01,3357.75,15.18
03/07/2019,12022.61,3379.45,13.74
04/07/2019,11130.95,3373.94,14.15
05/07/2019,11038.61,3380.16,13.68
06/07/2019,11187.8,.,.
07/07/2019,11478.9,3370.29,14.83
08/07/2019,12298.31,3386.15,14.38
09/07/2019,12559.46,3373.23,15.56
10/07/2019,12083.13,3337.75,17.08
11/07/2019,11323.95,3225.89,25.03
12/07/2019,11811.99,3128.21,27.85
13/07/2019,11408.1,3116.39,27.56
14/07/2019,10190.36,2978.76,39.16
15/07/2019,10855.56,2954.22,40.11
16/07/2019,9436,3090.23,33.42
17/07/2019,9708.55,3003.37,36.82
18/07/2019,10654.25,3130.12,31.99
19/07/2019,10548.04,3023.94,39.62
20/07/2019,10754.92,2972.37,41.94
21/07/2019,10633.54,2746.56,54.46
22/07/2019,10304.64,2882.23,47.3
23/07/2019,9833.19,2741.38,53.9
24/07/2019,9751.24,2480.64,75.47
25/07/2019,9880.67,2711.02,57.83
26/07/2019,9841.96,2386.13,82.69
27/07/2019,9468.92,2529.19,75.91
28/07/2019,9549.7,2398.1,76.45
29/07/2019,9503.32,2409.39,72
30/07/2019,9580,2304.92,66.04
31/07/2019,10099,2237.4,61.59
01/08/2019,10417.24,2447.33,61.67
02/08/2019,10533.07,2475.56,63.95
03/08/2019,10820.75,2630.07,61
04/08/2019,10997.82,2541.47,65.54
05/08/2019,11775.14,2626.65,57.08
06/08/2019,11440.08,2584.59,53.54
07/08/2019,12014.41,2470.5,57.06
08/08/2019,12017.89,2526.9,50.91
09/08/2019,11889,2488.65,46.8
10/08/2019,11283.82,2663.68,45.24
11/08/2019,11531.95,2659.41,46.7
12/08/2019,11387.38,2749.98,43.35
13/08/2019,10855.58,2789.82,41.67
14/08/2019,10105.34,.,.
15/08/2019,10280.96,2761.63,41.17
16/08/2019,10368.83,2846.06,37.76
17/08/2019,10218.37,2783.36,40.84
18/08/2019,10309.04,2799.55,40.11
19/08/2019,10935.67,2874.56,38.15
20/08/2019,10770.99,2823.16,43.83
21/08/2019,10137.75,2736.56,45.41
22/08/2019,10088.89,2799.31,41.98
23/08/2019,10415.01,2797.8,41.38
24/08/2019,10156,2836.74,35.93
25/08/2019,10148.5,2878.48,33.29
26/08/2019,10373.75,2863.39,33.57
27/08/2019,10170.16,2939.51,31.23
28/08/2019,9710.38,2912.43,34.15
29/08/2019,9525,2830.71,37.19
30/08/2019,9580.6,2842.74,35.97
31/08/2019,9593.95,2868.44,33.61
01/09/2019,9769.64,2848.42,34.12
02/09/2019,10405.05,2881.19,31.44
03/09/2019,10628.46,2929.8,27.98
04/09/2019,10585.67,2930.32,27.57
05/09/2019,10574.27,2870.12,33.04
06/09/2019,10318.8,2820,35.28
07/09/2019,10484.87,2852.5,32.61
08/09/2019,10395.17,2863.7,31.89
09/09/2019,10310.01,2953.91,29.3
10/09/2019,10090.01,2922.94,30.53
11/09/2019,10169.49,2971.61,27.99
12/09/2019,10437.19,2948.51,29.53
13/09/2019,10381.91,2955.45,28.16
14/09/2019,10360.2,.,.
15/09/2019,10306.65,2991.77,28.01
16/09/2019,10268.77,3036.13,27.62
17/09/2019,10185.14,3029.73,28.59
18/09/2019,10155.26,3044.31,27.51
19/09/2019,10304.94,3055.73,28.23
20/09/2019,10168.44,3080.82,26.84
21/09/2019,9982.39,3122.87,25.66
22/09/2019,10035,3112.35,25.81
23/09/2019,9683.89,3193.93,24.52
24/09/2019,8556.43,3232.39,25.81
25/09/2019,8446.57,3207.18,27.57
26/09/2019,8063,3190.14,27.57
27/09/2019,8193.98,3002.1,40.79
28/09/2019,8228.22,3041.31,36.09
29/09/2019,8063.06,3066.59,34.4
30/09/2019,8305.14,3124.74,33.67
01/10/2019,8323.43,3113.49,33.47
02/10/2019,8396,3115.34,32.94
03/10/2019,8241.25,3097.74,35.12
04/10/2019,8159.71,3117.86,31.77
05/10/2019,8152.99,3131.29,31.37
06/10/2019,7862.67,3050.33,33.84
07/10/2019,8224.82,3083.76,32.22
08/10/2019,8186.73,3009.05,34.73
09/10/2019,8600,3053.24,31.78
10/10/2019,8589.01,3100.29,30.43
11/10/2019,8263.64,3115.86,28.62
12/10/2019,8304.1,3130.01,27.68
13/10/2019,8280.01,.,.
14/10/2019,8363,3179.72,27.94
15/10/2019,8156.52,3145.32,29.43
16/10/2019,7993,3169.94,28.08
17/10/2019,8077,3152.05,29.26
18/10/2019,7954.16,3185.04,27.29
19/10/2019,7965.27,3155.22,32.19
20/10/2019,8235.44,3197.52,29.52
21/10/2019,8214.58,3226.56,27.76
22/10/2019,8008.04,3215.57,28
23/10/2019,7473.42,3224.73,25.68
24/10/2019,7439.29,3251.84,24.46
25/10/2019,8704.85,3257.3,24.84
26/10/2019,9281.27,3276.02,24.32
27/10/2019,9570.58,3235.66,26.08
28/10/2019,9221.96,3215.63,25.84
29/10/2019,9431.27,3239.41,24.74
30/10/2019,9175.77,3218.44,25.44
31/10/2019,9146.75,3258.44,24.1
01/11/2019,9268,3246.22,24.76
02/11/2019,9320,3271.12,24.46
03/11/2019,9215.01,3294.61,24.28
04/11/2019,9414,3306.51,23.76
05/11/2019,9314.99,3327.77,22.99
06/11/2019,9343.11,3349.16,22.65
07/11/2019,9196.71,3351.28,22.21
08/11/2019,8758.69,3360.47,22.13
09/11/2019,8798.38,3333.69,24.03
10/11/2019,9036.82,3380.35,22.28
11/11/2019,8720.61,3373.43,22.13
12/11/2019,8823.65,3372.85,22.05
13/11/2019,8765.61,3381.99,21.35
14/11/2019,8630.01,3389.78,21.51
15/11/2019,8460,3374.85,22.54
16/11/2019,8488,3385.51,22.72
17/11/2019,8500.01,3397.16,22.54
18/11/2019,8160.73,3431.28,22.37
19/11/2019,8123.36,3443.62,22.03
20/11/2019,8082.96,3478.73,23.27
21/11/2019,7618.76,3484.55,24.47
22/11/2019,7296.45,3508.01,22.96
23/11/2019,7338.92,3500.31,26.41
24/11/2019,6906.25,3526.65,26.12
25/11/2019,7125,3580.84,26.57
26/11/2019,7155,3455.06,33.6
27/11/2019,7539.4,3426.96,30.75
28/11/2019,7413.05,.,.
29/11/2019,7751.29,3331.84,31.46
30/11/2019,7551.7,3398.96,28.81
01/12/2019,7413.84,3339.19,29.71
02/12/2019,7315.09,3340.97,26.87
03/12/2019,7296,3383.54,25.85
04/12/2019,7185.57,3401.2,25.59
05/12/2019,7388.75,3385.49,26.04
06/12/2019,7560.76,3357.01,26.46
07/12/2019,7502.2,3319.47,25.83
08/12/2019,7520,3281.06,27.78
09/12/2019,7332.69,3315.57,26.86
10/12/2019,7215.69,3236.92,28.58
11/12/2019,7275.17,3246.59,28.51
12/12/2019,7194.19,3298.46,26.38
13/12/2019,7249.25,3351.6,26.19
14/12/2019,7059.55,3335.47,26.27
15/12/2019,7111,3363,26.37
16/12/2019,6877.04,3380.8,26.7
17/12/2019,6618.62,3348.44,27.63
18/12/2019,7309.12,3408.63,27.96
19/12/2019,7153.99,3360.95,29.48
20/12/2019,7189.87,3419.45,28.06
21/12/2019,7143.01,3446.83,26.36
22/12/2019,7550,3477.13,25
23/12/2019,7318.18,3534.22,25.07
24/12/2019,7259.87,3511.93,26.07
25/12/2019,7194.76,3488.67,26.4
26/12/2019,7195,3483.34,26.97
27/12/2019,7247.35,3483.81,27.41
28/12/2019,7303.7,3426.92,29.18
29/12/2019,7378.53,3443.12,29.35
30/12/2019,7191,3435.56,28.65
31/12/2019,7158.01,3453.49,28.11
01/01/2020,7174.32,3465.39,27.55
02/01/2020,6945.01,3400.97,32.46
03/01/2020,7335.54,3390.68,33.35
04/01/2020,7353.5,3271.03,40.28
05/01/2020,7348.69,3310.11,37.59
06/01/2020,7773.48,3269.96,38.02
07/01/2020,8169.95,3310.24,37.13
08/01/2020,8035.08,3369.16,35.55
09/01/2020,7813.78,3443.44,29.57
10/01/2020,8183.89,3510.45,27.58
11/01/2020,8002.89,3509.44,24.86
12/01/2020,8192.66,3550.5,25.75
13/01/2020,8109.62,3545.53,24.8
14/01/2020,8757.18,3572.66,23.45
15/01/2020,8831.86,3537.01,25.35
16/01/2020,8727.22,3585.15,23.1
17/01/2020,8875.81,3626.91,22.45
18/01/2020,8901,3609.53,22.71
19/01/2020,8710.41,3567.79,23.84
20/01/2020,8633.67,3581.87,23.11
21/01/2020,8730,3557.54,23.7
22/01/2020,8665,3577.59,22.66
23/01/2020,8386.63,3635.41,21.64
24/01/2020,8424.96,3629.65,21.25
25/01/2020,8304.04,.,.
26/01/2020,8632.92,3638.35,20.84
27/01/2020,8903.24,3621.63,20.57
28/01/2020,9417.64,3662.45,20.77
29/01/2020,9270,3669.01,21.17
30/01/2020,9493.61,3666.72,21.28
31/01/2020,9343.28,3699.12,20.79
01/02/2020,9375.06,3691.96,21.3
02/02/2020,9314.06,3702.25,20.68
03/02/2020,9282.29,3672.82,22.27
04/02/2020,9158.57,3668.1,22.52
05/02/2020,9623.44,3663.46,23.31
06/02/2020,9765.96,3647.49,24.72
07/02/2020,9804.98,3694.62,22.89
08/02/2020,9911.13,3701.17,22.5
09/02/2020,10174.81,3722.48,21.93
10/02/2020,9854.5,3709.41,21.57
11/02/2020,10279.99,3694.92,25.16
12/02/2020,10344.01,3687.26,24.23
13/02/2020,10239.57,3690.01,23.31
14/02/2020,10380,3703.06,21.53
15/02/2020,9901.34,.,.
16/02/2020,9915.04,3735.36,21.7
17/02/2020,9711.95,3727.04,23.08
18/02/2020,10191.51,3732.04,22.77
19/02/2020,9591.54,3756.07,22.75
20/02/2020,9610.05,.,.
21/02/2020,9697.01,3700.65,26.97
22/02/2020,9668.26,3726.86,25.34
23/02/2020,9964.16,3748.14,25.07
24/02/2020,9668.08,3803.79,22.37
25/02/2020,9301.01,3824.68,21.56
26/02/2020,8776.01,3799.61,24.08
27/02/2020,8816.71,3801.19,23.33
28/02/2020,8713.16,3809.84,22.21
29/02/2020,8552.08,3795.54,23.25
01/03/2020,8490.3,3768.25,24.34
02/03/2020,8923.52,.,.
03/03/2020,8769.67,3798.91,23.24
04/03/2020,8765,3851.85,21.58
05/03/2020,9053.56,3853.07,21.32
06/03/2020,9162.98,3841.47,21.91
07/03/2020,8885.68,3855.36,23.19
08/03/2020,8068,3849.62,23.02
09/03/2020,7945.03,3750.77,37.21
10/03/2020,7887.01,3787.38,30.21
11/03/2020,7957.02,3714.24,33.09
12/03/2020,4980,3773.86,30.24
13/03/2020,5592.77,3826.31,25.56
14/03/2020,5182.62,3830.17,22.91
15/03/2020,5327.12,3871.74,21.77
16/03/2020,5074.2,3886.83,20.87
17/03/2020,5361.77,3915.59,21.24
18/03/2020,5426.71,3911.23,21.63
19/03/2020,6219.99,3909.88,21.99
20/03/2020,6215.4,3916.38,21.25
21/03/2020,6168.72,3934.83,19.97
22/03/2020,5791.69,.,.
23/03/2020,6583.38,3932.59,21.46
24/03/2020,6742.21,3931.33,21.5
25/03/2020,6752.83,3913.97,22.49
26/03/2020,6772.2,3906.71,22.05
27/03/2020,6320.46,3876.5,23.45
28/03/2020,6269.81,3881.37,23.11
29/03/2020,5897.55,3925.43,21.34
30/03/2020,6401.26,3829.34,28.89
31/03/2020,6434.73,3811.15,27.95
01/04/2020,6719.39,3901.82,23.35
02/04/2020,6789.84,3870.29,24.1
03/04/2020,6727.99,3819.72,26.67
04/04/2020,6896.6,3768.47,28.57
05/04/2020,6779.75,3841.94,24.66
06/04/2020,7320.07,3821.35,25.47
07/04/2020,7204.58,3875.44,24.03
08/04/2020,7343.65,3898.81,22.56
09/04/2020,7294.69,3939.34,21.91
10/04/2020,6892.54,3943.34,20.69
11/04/2020,6891.43,3968.94,20.03
12/04/2020,6860.97,3962.71,19.79
13/04/2020,6871,3974.12,19.23
14/04/2020,6865.72,3915.46,21.58
15/04/2020,6576.76,3913.1,20.95
16/04/2020,7123.29,3940.59,18.88
17/04/2020,7055.22,3910.52,20.3
18/04/2020,7271.53,3889.14,21.2
19/04/2020,7125.31,3909.52,19.81
20/04/2020,6832.57,3974.54,18.86
21/04/2020,6845,3971.09,20.74
22/04/2020,7143.99,3958.55,19.61
23/04/2020,7479.06,3972.89,19.4
24/04/2020,7514.64,4019.87,17.33
25/04/2020,7535.69,.,.
26/04/2020,7765.79,4077.91,17.91
27/04/2020,7773,4073.94,18.12
28/04/2020,7774.39,4079.95,17.16
29/04/2020,8789.1,4097.17,16.95
30/04/2020,8652.3,4128.8,16.69
01/05/2020,8813.9,4127.99,16.91
02/05/2020,8992,4141.59,16.65
03/05/2020,8917.63,4124.66,16.99
04/05/2020,8900.29,4170.42,16.57
05/05/2020,9037.69,4185.47,16.25
06/05/2020,9132.24,4163.26,17.29
07/05/2020,10007.56,4134.94,18.68
08/05/2020,9790.23,4173.42,17.5
09/05/2020,9554.91,4134.98,18.71
10/05/2020,8773.89,4180.17,17.33
11/05/2020,8557.37,4187.62,17.64
12/05/2020,8809.14,4186.72,17.56
13/05/2020,9335.84,4183.18,17.28
14/05/2020,9815.22,4211.47,17.61
15/05/2020,9331.18,4181.17,18.61
16/05/2020,9353.26,4192.66,18.31
17/05/2020,9700.33,4164.66,19.48
18/05/2020,9733.21,4167.59,19.15
19/05/2020,9783.91,4201.62,18.39
20/05/2020,9497.76,4232.6,16.69
21/05/2020,9039.12,4188.43,19.66
22/05/2020,9173.23,4152.1,21.84
23/05/2020,9166.02,4063.04,27.59
24/05/2020,8673.64,4112.5,23.13
25/05/2020,8892.39,4173.85,18.81
26/05/2020,8836.77,4163.29,19.72
27/05/2020,9200,4127.83,21.34
28/05/2020,9593.72,4115.68,22.18
29/05/2020,9426.87,4159.12,20.67
30/05/2020,9684.6,4155.86,20.15
31/05/2020,9435.8,4197.05,18.4
01/06/2020,10212.38,4188.13,18.84
02/06/2020,9509.35,4195.99,17.36
03/06/2020,9672.67,4200.88,16.74
04/06/2020,9799.57,4204.11,16.76
05/06/2020,9568.95,.,.
06/06/2020,9665.36,4202.04,17.9
07/06/2020,9764,4208.12,17.48
08/06/2020,9833.94,4192.85,18.04
09/06/2020,9778.6,4229.89,16.42
10/06/2020,9899.18,4226.52,16.42
11/06/2020,9258.7,4227.26,17.07
12/06/2020,9466.77,4219.55,17.89
13/06/2020,9477.17,4239.18,16.1
14/06/2020,9315.71,4247.44,15.65
15/06/2020,9437.23,4255.15,16.39
16/06/2020,9534.8,4246.59,17.02
17/06/2020,9460.53,4223.7,18.15
18/06/2020,9368.15,4221.86,17.75
19/06/2020,9285.54,4166.45,20.7
20/06/2020,9361.81,4224.79,17.89
21/06/2020,9279.68,4246.44,16.66
22/06/2020,9700.91,4241.84,16.32
23/06/2020,9623.74,4266.49,15.97
24/06/2020,9284.1,4280.7,15.62
25/06/2020,9232.84,4290.61,15.76
26/06/2020,9157.22,4291.8,16.02
27/06/2020,9001.24,4297.5,15.83
28/06/2020,9122.56,4319.94,15.48
29/06/2020,9191.05,4352.34,15.07
30/06/2020,9129.47,.,.
01/07/2020,9239.09,4343.54,16.44
02/07/2020,9088.54,4358.13,16.2
03/07/2020,9050.05,4320.82,19
04/07/2020,9138.22,4369.55,16.18
05/07/2020,9088.52,4384.63,16.17
06/07/2020,9331.69,4369.21,17.12
07/07/2020,9263.56,4374.3,16.33
08/07/2020,9436.01,4360.03,17.01
09/07/2020,9230.48,4327.16,18.45
10/07/2020,9298.16,4258.49,22.5
11/07/2020,9235,4323.06,19.73
12/07/2020,9313.77,4358.69,17.91
13/07/2020,9230.14,4367.48,17.69
14/07/2020,9258.34,4411.79,17.2
15/07/2020,9194.51,4422.3,17.58
16/07/2020,9130.91,4401.46,19.36
17/07/2020,9147.65,4400.64,18.31
18/07/2020,9174.6,4419.15,17.7
19/07/2020,9221.71,4395.26,18.24
20/07/2020,9161.13,4387.16,19.46
21/07/2020,9396.65,4423.15,18.04
22/07/2020,9546.31,4402.66,17.97
23/07/2020,9612.05,4429.1,17.28
24/07/2020,9553.41,4436.52,16.15
25/07/2020,9709.02,4432.35,16.72
26/07/2020,9944.58,4436.75,16.79
27/07/2020,11108.44,4447.7,16.06
28/07/2020,10952.85,4460.83,15.59
29/07/2020,11100.39,4468,15.45
30/07/2020,11139.67,4479.71,16.12
31/07/2020,11372.76,4448.08,17.91
01/08/2020,11805.82,4400.27,21.57
02/08/2020,11050.03,4405.8,21.67
03/08/2020,11235.44,4441.67,18.56
04/08/2020,11198.04,4479.53,17.15
05/08/2020,11737.59,4486.23,17.22
06/08/2020,11766.62,4496.19,16.79
07/08/2020,11598.96,4470,18.84
08/08/2020,11780.14,4509.37,16.39
09/08/2020,11692.76,4528.79,16.19
10/08/2020,11896.19,4522.68,16.48
11/08/2020,11387.01,4524.09,16.11
12/08/2020,11563.16,4536.95,16.41
13/08/2020,11824.99,4535.43,16.41
14/08/2020,11785.29,.,.
15/08/2020,11854.27,4520.03,18.14
16/08/2020,11924,4514.07,17.96
17/08/2020,12325.1,4493.28,18.8
18/08/2020,11983.52,4458.58,20.95
19/08/2020,11764.8,4468.73,19.37
20/08/2020,11856.24,4443.05,19.46
21/08/2020,11526.32,4480.7,18.18
22/08/2020,11675.78,4473.75,18.69
23/08/2020,11650.03,4432.99,20.81
24/08/2020,11762.34,4357.73,25.71
25/08/2020,11324.86,4354.19,24.36
26/08/2020,11460.01,4395.64,20.87
27/08/2020,11341.73,4448.98,18.63
28/08/2020,11540,4455.48,17.75
29/08/2020,11468.56,4443.11,18.76
30/08/2020,11724.99,4352.63,23.25
31/08/2020,11665.93,4359.46,22.56
01/09/2020,11911.74,4307.54,23.14
02/09/2020,11390.12,4357.04,21.15
03/09/2020,10225.82,4300.46,22.96
04/09/2020,.,4345.72,21.3
05/09/2020,10152.97,4363.55,21
06/09/2020,10255.2,4399.76,19.54
07/09/2020,10389.85,4391.34,18.77
08/09/2020,10123.21,4361.19,20
09/09/2020,10235,4350.65,19.85
10/09/2020,10345.95,4363.8,18.64
11/09/2020,10399.99,4438.26,16.86
12/09/2020,10444.01,4471.37,16.3
13/09/2020,10336.28,4486.46,16.31
14/09/2020,10679.33,4519.63,15.7
15/09/2020,10789.8,4536.19,15.49
16/09/2020,10953.38,4549.78,15.01
17/09/2020,10947.83,4544.9,15.43
18/09/2020,10942.2,4566.48,15.24
19/09/2020,11075.33,4574.79,15.98
20/09/2020,10911.59,4551.68,16.98
21/09/2020,10425.85,4596.42,16.53
22/09/2020,10529.01,4605.38,16.26
23/09/2020,10230.11,4613.67,16.41
24/09/2020,10741,4630.65,16.03
25/09/2020,10693.3,4660.57,15.1
26/09/2020,10730.23,4680.06,15.44
27/09/2020,10792.18,4697.53,16.48
28/09/2020,10681.01,4701.7,17.22
29/09/2020,10845.9,4685.25,17.78
30/09/2020,10783.24,4646.71,18.73
01/10/2020,10598.64,4649.27,17.66
02/10/2020,10577.92,4682.85,16.29
03/10/2020,10545.21,4682.8,16.49
04/10/2020,10662.36,4700.9,16.37
05/10/2020,10800,4688.67,17.11
06/10/2020,10594.15,4704.54,17.59
07/10/2020,10671.23,4697.96,17.91
08/10/2020,10926.71,4682.94,19.17
09/10/2020,11059.3,4690.7,19.38
10/10/2020,11303.56,4701.46,18.58
11/10/2020,11370.45,.,.
12/10/2020,11534.83,4594.62,28.62
13/10/2020,11434.36,4655.27,22.96
14/10/2020,11426.87,4567,27.19
15/10/2020,11509.25,4513.04,31.12
16/10/2020,11329.33,4577.1,27.95
17/10/2020,11365.96,4538.43,30.67
18/10/2020,11516.56,4591.67,27.18
19/10/2020,11765.09,4686.75,21.89
20/10/2020,11917.34,4701.21,19.9
21/10/2020,12836.37,4667.45,21.58
22/10/2020,12977.02,4712.02,18.69
23/10/2020,12943.03,4668.97,20.31
24/10/2020,13120.87,4634.09,21.89
25/10/2020,13050.32,4709.85,19.29
26/10/2020,13072.95,4668.67,20.57
27/10/2020,13698.18,4620.64,21.57
28/10/2020,13280,4568.02,22.87
29/10/2020,13460,4649.23,21.01
30/10/2020,13582.97,4696.56,18.63
31/10/2020,13745.02,4725.79,17.96
01/11/2020,13784.52,.,.
02/11/2020,13573.93,4791.19,17.68
03/11/2020,14050.59,4786.35,17.54
04/11/2020,14160,4793.06,16.95
05/11/2020,15636.6,4778.73,17.33
06/11/2020,15596.33,4766.18,17.22
07/11/2020,14814.62,4796.56,16.6
08/11/2020,15487.88,4793.54,16.91
09/11/2020,15334.37,4700.58,19.73
10/11/2020,15325.25,4696.05,19.61
11/11/2020,15723.81,4677.03,18.76
12/11/2020,16319.72,4670.29,19.4
13/11/2020,16339.59,4713.07,18.41
14/11/2020,16093.3,4726.35,17.62
15/11/2020,15946.64,4659.03,20.31
16/11/2020,16714.58,4662.85,19.19
17/11/2020,17660.9,.,.
18/11/2020,17802.82,4577.11,22.79
19/11/2020,17804.44,4532.76,23.85
20/11/2020,18702.87,4482.73,25.59
21/11/2020,18710.14,4397.94,28.85
22/11/2020,18477.48,4410.13,29.9
23/11/2020,18391.21,4356.45,31.16
24/11/2020,19185.07,4349.93,31.96
25/11/2020,18706.15,4326.51,30.49
26/11/2020,17173,4431.85,27.66
27/11/2020,17156.99,4515.55,24.83
28/11/2020,17718.3,4546.54,21.96
29/11/2020,18238.52,4589.38,22.09
30/11/2020,19727,4477.44,24.35
01/12/2020,18763.35,4500.53,23.22
02/12/2020,19245.61,4483.87,22.86
03/12/2020,19430.07,4521.54,21.44
04/12/2020,18692.32,4587.18,19.96
05/12/2020,19156.82,4504.08,23.91
06/12/2020,19397.08,4418.64,27.36
07/12/2020,19202.88,4401.67,28.33
08/12/2020,18311.76,4471.07,25.7
09/12/2020,18550.01,4475.01,24.29
10/12/2020,18286.8,4380.26,28.11
11/12/2020,18048.14,4348.87,27.75
12/12/2020,18826.36,.,.
13/12/2020,19133.04,4304.76,28.81
14/12/2020,19288.43,4225.5,31.02
15/12/2020,19451.34,4288.7,30.32
16/12/2020,21384.63,4384.65,27.59
17/12/2020,22830.34,4373.94,30.15
18/12/2020,23169.26,4306.26,33.32
19/12/2020,23814.91,4386.54,30.74
20/12/2020,23451.68,4363.49,30.48
21/12/2020,22777.26,4328.87,31.98
22/12/2020,23839.99,4201.09,36.45
23/12/2020,23196.57,4170.7,35.13
24/12/2020,23740.01,4277.88,32.45
25/12/2020,24736.42,4259.52,30.23
26/12/2020,26519.1,4204.31,30.75
27/12/2020,26320.06,4173.11,31.77
28/12/2020,27044.14,4262.45,29.83
29/12/2020,27407.85,4357.86,26.67
30/12/2020,28934.56,4411.67,25.67
31/12/2020,29026.97,4463.12,23.87
01/01/2021,29391.09,4461.18,23.53
02/01/2021,32244.73,4511.61,22.94
03/01/2021,33134.1,4456.24,23.57
04/01/2021,32127.31,4520.16,21.67
05/01/2021,34131.23,4543.06,20.81
06/01/2021,36979.81,4575.52,19.63
07/01/2021,39573.39,4631.6,18.9
08/01/2021,40666.72,4602.45,19.33
09/01/2021,40346.3,4530.41,20.56
10/01/2021,38242.02,4545.86,19.63
11/01/2021,35474.31,4582.64,18.57
12/01/2021,33968.43,4525.12,21.03
13/01/2021,37520.66,4481.15,22.1
14/01/2021,39171.12,4500.21,21.55
15/01/2021,36868.39,4488.28,21.16
16/01/2021,35869.47,4412.53,24.37
17/01/2021,35931.15,4397.45,24.26
18/01/2021,36765.97,4446.59,21.82
19/01/2021,35673.03,4392.59,22.7
20/01/2021,35570.44,.,.
21/01/2021,30647.26,4391.69,22.17
22/01/2021,32885.51,4462.21,21.37
23/01/2021,32021.33,4459.45,20.32
24/01/2021,32250.01,4393.66,22.68
25/01/2021,31979,4271.78,28.21
26/01/2021,32579.82,4296.12,27.02
27/01/2021,30552.06,4175.2,33.52
28/01/2021,33484.8,4183.96,31.6
29/01/2021,34330.14,4287.5,29.99
30/01/2021,34229.25,4131.93,33.4
31/01/2021,33076.09,4155.38,32.34
01/02/2021,33457.6,4175.48,29.25
02/02/2021,35511.07,4300.17,25.42
03/02/2021,37769.41,4146.87,31.2
04/02/2021,37070.87,4123.34,30.19
05/02/2021,38376.86,3991.24,34.75
06/02/2021,38995.52,4001.05,32.99
07/02/2021,38888.74,3935.18,32.56
08/02/2021,46674.44,3930.08,31.77
09/02/2021,46595.44,4023.89,28.87
10/02/2021,44887.29,4008.01,27.47
11/02/2021,48121,4088.85,26.1
12/02/2021,47524.18,3923.68,30.96
13/02/2021,47274.23,3900.79,29.35
14/02/2021,48703.26,3901.36,29.43
15/02/2021,47911.87,3973.75,28.48
16/02/2021,49257.23,3941.48,29.45
17/02/2021,52269.84,3978.73,28.37
18/02/2021,51644.16,4057.84,27.5
19/02/2021,56029.51,4158.24,25.72
20/02/2021,55960.05,.,26.54
21/02/2021,57538.47,4132.15,26.19
22/02/2021,54130.33,4101.23,25.69
23/02/2021,48972.11,4176.82,24.72
24/02/2021,49789.99,4108.54,24.79
25/02/2021,46927.73,4121.43,25.07
26/02/2021,46360.17,4160.68,24.02
27/02/2021,45973.56,4115.77,23.96
28/02/2021,45352.29,4017.82,26.09
01/03/2021,49652.19,3900.86,27.75
02/03/2021,48368.22,3749.63,34.02
03/03/2021,50164.67,3735.48,32.69
04/03/2021,48327.39,3789.99,29.62
05/03/2021,48908.09,3666.77,32.95
06/03/2021,48986.85,3674.84,31.13
07/03/2021,50858.34,.,31.03
08/03/2021,52472.59,3764.79,30.19
09/03/2021,54999.99,3759.89,28.95
10/03/2021,56046.27,3795.73,29.05
11/03/2021,57911.02,3911.74,27.23
12/03/2021,57174.89,3900.11,26.95
13/03/2021,61130.22,3821.55,28.36
14/03/2021,59192.98,3818.83,28.16
15/03/2021,55430.19,3785.38,28.71
16/03/2021,57126.52,3825.33,26.7
17/03/2021,59221.23,.,27.53
18/03/2021,57562.46,3831.39,27.54
19/03/2021,58001.29,3845.08,26.73
20/03/2021,58051.01,3902.62,26.08
21/03/2021,57402.03,3899.38,24.64
22/03/2021,54230.21,3854.43,26.17
23/03/2021,54268.81,3818.8,27.29
24/03/2021,52294.65,3801.78,26.82
25/03/2021,51386.2,3790.38,26.4
26/03/2021,55314.11,3863.16,24.23
27/03/2021,55932.18,3830.85,25.3
28/03/2021,55821.59,3936.69,24.5
29/03/2021,57630.72,3959.9,23.88
30/03/2021,58800,3998.95,23.11
31/03/2021,58837.71,3961.63,23.03
01/04/2021,58768.84,3966.84,23.36
02/04/2021,59019.55,3921.05,24.69
03/04/2021,56731,4023.61,23.24
04/04/2021,58266.39,4072.43,22.33
05/04/2021,59200,4130.29,21.33
06/04/2021,58018.31,4118.63,22.84
07/04/2021,55962.11,4091.19,23.93
08/04/2021,58108.65,4155.17,21.95
09/04/2021,58126.14,4151.94,21.44
10/04/2021,60039.35,4145.19,21.15
11/04/2021,60133.37,4140.06,21.29
12/04/2021,59903.04,4122.47,21.77
13/04/2021,63660.94,4210.24,19.74
14/04/2021,63283.43,4207.27,20.2
15/04/2021,63346.93,4280.15,19.53
16/04/2021,61486.08,4297.14,19.95
17/04/2021,60199.33,4305.2,19.69
18/04/2021,56351.2,4274.04,19.9
19/04/2021,55797.39,4283.74,19.56
20/04/2021,56514.9,4228.48,20.6
21/04/2021,53919.48,4137.99,23.8
22/04/2021,51653.27,4128.73,24.11
23/04/2021,51231.69,4140.77,22.82
24/04/2021,50167.5,4199.12,21.78
25/04/2021,49272.06,4057.66,25.56
26/04/2021,53969.71,4030.61,26.21
27/04/2021,55120.81,3986.16,26.21
28/04/2021,54964.11,3955,25.87
29/04/2021,53562.87,3966.85,25.56
30/04/2021,57640.17,3924.26,25.47
01/05/2021,57868.94,.,25.99
02/05/2021,56631.64,3908.19,26.91
03/05/2021,57213.29,3979.87,24.64
04/05/2021,53128.68,4006.18,23.61
05/05/2021,57518.01,4067.36,22.79
06/05/2021,56485.77,4110.41,23.87
07/05/2021,57373.88,3932.69,27.27
08/05/2021,59045.17,3946.01,26.16
09/05/2021,58410.34,3901.35,26.27
10/05/2021,55936.77,3873.33,26.3
11/05/2021,56719,3899.89,25.76
12/05/2021,49095.57,3855.93,27.16
13/05/2021,49635.45,3789.93,27.99
14/05/2021,49923.92,3757.99,27.35
15/05/2021,46984.74,3693.23,29.92
16/05/2021,46523.31,3655.04,32.26
17/05/2021,43768.74,3647.29,32.6
18/05/2021,42989.8,3719.04,30.18
19/05/2021,37236.61,3640.47,31.84
20/05/2021,40749.78,3585.62,31.62
21/05/2021,37425,3678.43,30.1
22/05/2021,37383.34,3790.93,29.07
23/05/2021,34927.4,3783.28,28.55
24/05/2021,38725.06,3744.52,30.52
25/05/2021,38370,3639.66,31.36
26/05/2021,39213.41,3612.39,32.45
27/05/2021,38368.17,3588.84,33.63
28/05/2021,35770,3577.03,33.57
29/05/2021,34621.64,3669.91,31.94
30/05/2021,35545.27,3583.07,32.02
31/05/2021,37153.71,3677.95,31.37
01/06/2021,36764.58,3719.98,30.5
02/06/2021,37501.36,3695.16,30.76
03/06/2021,39215.09,3665.78,29.98
04/06/2021,36895.48,3752.75,29.69
05/06/2021,35565,3797.34,29.85
06/06/2021,35873.42,3859.11,28.46
07/06/2021,33816.09,3830.6,27.28
08/06/2021,33432.26,3807.3,27.39
09/06/2021,37357.02,3901.06,25.75
10/06/2021,36717.51,3871.98,25.88
11/06/2021,37282.15,3856.1,25.81
12/06/2021,35609.66,3759.69,25.86
13/06/2021,39122.03,3719.89,25.3
14/06/2021,40496.92,3770.55,24.55
15/06/2021,40093.93,3806.8,24.35
16/06/2021,38394.4,3828.11,25.54
17/06/2021,38027.63,3748.57,26.09
18/06/2021,35777.39,3956.37,23.53
19/06/2021,35498.24,3992.93,22.52
20/06/2021,35565.82,3957.25,23.73
21/06/2021,31686.69,3991.73,24.54
22/06/2021,32508.26,3958.79,24.11
23/06/2021,33688.35,3946.56,23.93
24/06/2021,34695.34,3965.34,23.12
25/06/2021,31704.87,3949.94,22.36
26/06/2021,32265.95,4003.58,21.29
27/06/2021,34596.99,4027.26,20.35
28/06/2021,34541.8,.,20.42
29/06/2021,35928.75,4026.12,20.5
30/06/2021,34995.83,3963.94,22.21
01/07/2021,33538.49,3957.63,21.89
02/07/2021,33832.49,4080.11,20.58
03/07/2021,34633.93,4076.57,19.84
04/07/2021,35126.9,4071.7,19.06
05/07/2021,33673.22,3998.84,20.75
06/07/2021,34193.9,3941.26,22.17
07/07/2021,33791,3933.92,22.68
08/07/2021,32878.23,3963.51,22.29
09/07/2021,33766.87,3934.38,22.83
10/07/2021,33547.19,3990.56,25
11/07/2021,34236.21,4019.65,22.55
12/07/2021,33096.86,3995.32,21.14
13/07/2021,32768.54,3895.75,22.83
14/07/2021,32817.18,3852.36,22.62
15/07/2021,31891.09,3817.66,22.42
16/07/2021,31408.78,3821.62,21.48
17/07/2021,31503.78,3878.44,20.07
18/07/2021,31753.02,3822.39,21.97
19/07/2021,30849.9,3844.82,
20/07/2021,29788.61,,
21/07/2021,32086.04,,
22/07/2021,32327.95,,
23/07/2021,33700,,
24/07/2021,34275.43,,
25/07/2021,35368.57,,
26/07/2021,37269.12,,
27/07/2021,39381.82,,
28/07/2021,40031.56,,
29/07/2021,40024.94,,
30/07/2021,42188.95,,
31/07/2021,41472.42,,
01/08/2021,39816.76,,
02/08/2021,39146.69,,
03/08/2021,38207.27,,
04/08/2021,39730,,
05/08/2021,40893.75,,
06/08/2021,42827.76,,
07/08/2021,44488.87,,
08/08/2021,43933.26,,
09/08/2021,46208.5,,
10/08/2021,45565.76,,
11/08/2021,45482.95,,
12/08/2021,44454.37,,
13/08/2021,47765.41,,
14/08/2021,47134.61,,
15/08/2021,47090,,
16/08/2021,45930.71,,
17/08/2021,44718.51,,
18/08/2021,44735.2,,
19/08/2021,46736.74,,
20/08/2021,49350.99,,
21/08/2021,48896.95,,
22/08/2021,49328.47,,
23/08/2021,49464.66,,
24/08/2021,47770.4,,
25/08/2021,48985.05,,
26/08/2021,46770.6,,
27/08/2021,49082.04,,
28/08/2021,48963.41,,
29/08/2021,48770.78,,
30/08/2021,46924.16,,
31/08/2021,47065.73,,
01/09/2021,48889.19,,
02/09/2021,49273.33,,
03/09/2021,49919.31,,
04/09/2021,49949.07,,
05/09/2021,51782.76,,
06/09/2021,52691.2,,
07/09/2021,46943.82,,
08/09/2021,46022.48,,
09/09/2021,46414.58,,
10/09/2021,44897.75,,
11/09/2021,45127.48,,
12/09/2021,46010.13,,
13/09/2021,44969.02,,
14/09/2021,47096.48,,
15/09/2021,48106.71,,
16/09/2021,47772.7,,
17/09/2021,47337.8,,
18/09/2021,48300.04,,
19/09/2021,47270.75,,
20/09/2021,42991.14,,
21/09/2021,40656.13,,
22/09/2021,43544.09,,
23/09/2021,44892.71,,
24/09/2021,42816.65,,
25/09/2021,42682.26,,
26/09/2021,43142.04,,
27/09/2021,42214.52,,
28/09/2021,41006.19,,
29/09/2021,41522.49,,
30/09/2021,43834.03,,
01/10/2021,48145.34,,
02/10/2021,47692.85,,
03/10/2021,48179.83,,
04/10/2021,49248.68,,
05/10/2021,51441.74,,
06/10/2021,55278.64,,
07/10/2021,53844.74,,
08/10/2021,53983.21,,
09/10/2021,54951.3,,
10/10/2021,54655.3,,
11/10/2021,57440.05,,
12/10/2021,56019.29,,
13/10/2021,57372.59,,
14/10/2021,57327.09,,
15/10/2021,61682.48,,
16/10/2021,60880.85,,
17/10/2021,61541.01,,
18/10/2021,62036.95,,
19/10/2021,64353.53,,
20/10/2021,66005.17,,
21/10/2021,62152.09,,
22/10/2021,60671.75,,
23/10/2021,61308.09,,
24/10/2021,60889.41,,
25/10/2021,63102.83,,
26/10/2021,60341.21,,
27/10/2021,58517.61,,
28/10/2021,60577.62,,
29/10/2021,62316.4,,
30/10/2021,62062.88,,
31/10/2021,61333.45,,
01/11/2021,60950,,
02/11/2021,63357.2,,
03/11/2021,62944.4,,
04/11/2021,61499.24,,
05/11/2021,61000.01,,
06/11/2021,61539.3,,
07/11/2021,63433.66,,
08/11/2021,67510.06,,
09/11/2021,66967.98,,
10/11/2021,64896.86,,
11/11/2021,64793.69,,
12/11/2021,64158.51,,
13/11/2021,64482.54,,
14/11/2021,65714.05,,
15/11/2021,63441.68,,
16/11/2021,60147.32,,
17/11/2021,60314.28,,
18/11/2021,57017.38,,
19/11/2021,58187.85,,
20/11/2021,59771.71,,
21/11/2021,58742.9,,
22/11/2021,56254.57,,
23/11/2021,57599.99,,
24/11/2021,57255.24,,
25/11/2021,59022.44,,
26/11/2021,53839.39,,
27/11/2021,54665.93,,
28/11/2021,57471.87,,
29/11/2021,57828.33,,
30/11/2021,56879.47,,
01/12/2021,57228.47,,
02/12/2021,56566.29,,
03/12/2021,53681.96,,
04/12/2021,49335,,
05/12/2021,49511.76,,
06/12/2021,50588.91,,
07/12/2021,50676.09,,
08/12/2021,50531.51,,
09/12/2021,47639.07,,
10/12/2021,47268.48,,
11/12/2021,49432.46,,
12/12/2021,50065.39,,
13/12/2021,46639.86,,
14/12/2021,48343.16,,
15/12/2021,48885.97,,
16/12/2021,47605.48,,
17/12/2021,46240.15,,
18/12/2021,46813.13,,
19/12/2021,46683.77,,
20/12/2021,46963.71,,
21/12/2021,48954.47,,
22/12/2021,48646.94,,
23/12/2021,50840.46,,
24/12/2021,50815.7,,
25/12/2021,50395.07,,
26/12/2021,50841.73,,
27/12/2021,50663.26,,
28/12/2021,47594.55,,
29/12/2021,46518.8,,
30/12/2021,47097.85,,
31/12/2021,46244.63,,
01/01/2022,47748.83,,
02/01/2022,47258.52,,
03/01/2022,46519.76,,
04/01/2022,45889.4,,
05/01/2022,43422.85,,
06/01/2022,43133.33,,
07/01/2022,41656.16,,
08/01/2022,41667.48,,
09/01/2022,41838.78,,
10/01/2022,41872.47,,
11/01/2022,42771.24,,
12/01/2022,43884.25,,
13/01/2022,42617.64,,
14/01/2022,43158.68,,
15/01/2022,43082.34,,
16/01/2022,43137.67,,
17/01/2022,42285.47,,
18/01/2022,42411.61,,
19/01/2022,41723.49,,
20/01/2022,40696.22,,
21/01/2022,36513.29,,
22/01/2022,35108.16,,
23/01/2022,36233.04,,
24/01/2022,36643.49,,
25/01/2022,36976.64,,
26/01/2022,36838.9,,
27/01/2022,37139.68,,
28/01/2022,37677.8,,
29/01/2022,38166.62,,
30/01/2022,37918.6,,
31/01/2022,38430.3,,
01/02/2022,38745.11,,
02/02/2022,36905.98,,
03/02/2022,37238.31,,
04/02/2022,41545.39,,
05/02/2022,41447.5,,
06/02/2022,42496.61,,
07/02/2022,43897.96,,
08/02/2022,44147.59,,
09/02/2022,44402.94,,
10/02/2022,43477.29,,
11/02/2022,42391.54,,
12/02/2022,42217.48,,
13/02/2022,42097.33,,
14/02/2022,42572.56,,
15/02/2022,44469.73,,
16/02/2022,43897.22,,
17/02/2022,40553.82,,
18/02/2022,39993.11,,
19/02/2022,40089.18,,
20/02/2022,38426.4,,
21/02/2022,37075.4,,
22/02/2022,38261.46,,
23/02/2022,37225,,
24/02/2022,38367.61,,
25/02/2022,39212.8,,
26/02/2022,39138.21,,
27/02/2022,37700,,
28/02/2022,43206.02,,
01/03/2022,44412.2,,
02/03/2022,43862.75,,
03/03/2022,42432,,
04/03/2022,39205.77,,
05/03/2022,39390.89,,
06/03/2022,38432.11,,
07/03/2022,38004.69,,
08/03/2022,38724.21,,
09/03/2022,41985.86,,
10/03/2022,39454.87,,
11/03/2022,38670.76,,
12/03/2022,38767.98,,
13/03/2022,37780.14,,
14/03/2022,39644.88,,
15/03/2022,39361.36,,
16/03/2022,41109.85,,
17/03/2022,40964.07,,
18/03/2022,41806.03,,
19/03/2022,42219.55,,
20/03/2022,41271.13,,
21/03/2022,41009.98,,
22/03/2022,42359.88,,
23/03/2022,42940.28,,
24/03/2022,43979.48,,
25/03/2022,44355.11,,
26/03/2022,44548.42,,
27/03/2022,46819.78,,
28/03/2022,47191.31,,
29/03/2022,47430.74,,
30/03/2022,47022.82,,
31/03/2022,45475.83,,
01/04/2022,46222.43,,
02/04/2022,45871.46,,
03/04/2022,46358.05,,
04/04/2022,46568.89,,
05/04/2022,45449.25,,
06/04/2022,43206.04,,
07/04/2022,43432.08,,
08/04/2022,42281.5,,
09/04/2022,42773.37,,
10/04/2022,42177.2,,
11/04/2022,39615.2,,
12/04/2022,40105.2,,
13/04/2022,41101.04,,
14/04/2022,39910.05,,
15/04/2022,40566.6,,
16/04/2022,40378.25,,
17/04/2022,39670.73,,
18/04/2022,40817.48,,
19/04/2022,41480.25,,
20/04/2022,41350.25,,
21/04/2022,40464.52,,
22/04/2022,39708.2,,
23/04/2022,39468.1,,
24/04/2022,39489.71,,
25/04/2022,40490.41,,
26/04/2022,38102.78,,
27/04/2022,39188.42,,
28/04/2022,39737.71,,
29/04/2022,38597.17,,
30/04/2022,37658.53,,
01/05/2022,38496.42,,
02/05/2022,38488.36,,
03/05/2022,37708.41,,
04/05/2022,39671.83,,
05/05/2022,36516.79,,
06/05/2022,36013.22,,
07/05/2022,35445.54,,
08/05/2022,34089.76,,
09/05/2022,30176.73,,
10/05/2022,30961.83,,
11/05/2022,29027.82,,
12/05/2022,28959.93,,
13/05/2022,29292.4,,
14/05/2022,30012.62,,
15/05/2022,31258.75,,
16/05/2022,29854.67,,
17/05/2022,30391.04,,
18/05/2022,28762.93,,
19/05/2022,30258.84,,
20/05/2022,29138.15,,
21/05/2022,29426.6,,
22/05/2022,30221.12,,
23/05/2022,29095.68,,
24/05/2022,29605.66,,
25/05/2022,29487.83,,
26/05/2022,29160.96,,
27/05/2022,28608.55,,
28/05/2022,28974.3,,
29/05/2022,29441.17,,
30/05/2022,31691.54,,
31/05/2022,31804.27,,
01/06/2022,29779.16,,
02/06/2022,30428.98,,
03/06/2022,29684.67,,
04/06/2022,29832.02,,
05/06/2022,29893.98,,
06/06/2022,31324.88,,
07/06/2022,31073.76,,
08/06/2022,30195.33,,
09/06/2022,30070.71,,
10/06/2022,29061.88,,
11/06/2022,28381.45,,
12/06/2022,26633.35,,
13/06/2022,22333,,
14/06/2022,22122.57,,
15/06/2022,22544.07,,
16/06/2022,20336.62,,
17/06/2022,20421.22,,
18/06/2022,18989.21,,
19/06/2022,20520.28,,
20/06/2022,20534.33,,
21/06/2022,20675.12,,
22/06/2022,19997.23,,
23/06/2022,21121.55,,
24/06/2022,21206.32,,
25/06/2022,21474.76,,
26/06/2022,21025.22,,
27/06/2022,20718.74,,
28/06/2022,20251.34,,
29/06/2022,20094.43,,
30/06/2022,19837.58,,
01/07/2022,19270.3,,
02/07/2022,19210.52,,
03/07/2022,19283.07,,
04/07/2022,20205.89,,
05/07/2022,20171.1,,
06/07/2022,20556.8,,
07/07/2022,21657.39,,
08/07/2022,21582.54,,
09/07/2022,21573.37,,
10/07/2022,20806.95,,
11/07/2022,19942.91,,
12/07/2022,19302.71,,
13/07/2022,20206.62,,
14/07/2022,20583.48,,
15/07/2022,20838.39,,
16/07/2022,21195.28,,
17/07/2022,20762.12,,
18/07/2022,22368.75,,
19/07/2022,23410.92,,
20/07/2022,23237.11,,
21/07/2022,23140.92,,
22/07/2022,22706.35,,
23/07/2022,22457.13,,
24/07/2022,22592.39,,
25/07/2022,21248.31,,
26/07/2022,21277.3,,
27/07/2022,22986.74,,
28/07/2022,23875.62,,
29/07/2022,23817.5,,
30/07/2022,23643.31,,
31/07/2022,23296.14,,
01/08/2022,23250.19,,
02/08/2022,23005.22,,
03/08/2022,22820.48,,
04/08/2022,22604.63,,
05/08/2022,23285.14,,
06/08/2022,22960.16,,
07/08/2022,23187.41,,
08/08/2022,23824.9,,
09/08/2022,23138.91,,
10/08/2022,23982.75,,
11/08/2022,23956.28,,
12/08/2022,24398.29,,
13/08/2022,24447.08,,
14/08/2022,24301.71,,
15/08/2022,24092.27,,
16/08/2022,23861.8,,
17/08/2022,23357.89,,
18/08/2022,23175.9,,
19/08/2022,20850.04,,
20/08/2022,21151.45,,
21/08/2022,21513.86,,
22/08/2022,21403.82,,
23/08/2022,21529.34,,
24/08/2022,21358.67,,
25/08/2022,21518.35,,
26/08/2022,20230.18,,
27/08/2022,20018.43,,
28/08/2022,19582.83,,
29/08/2022,20291.07,,
30/08/2022,19835.7,,
31/08/2022,20025.48,,
01/09/2022,20112.51,,
02/09/2022,19946.87,,
03/09/2022,19840.11,,
04/09/2022,20006.54,,
05/09/2022,19807.74,,
06/09/2022,18777,,
07/09/2022,19286.23,,
08/09/2022,19320.01,,
09/09/2022,21355.55,,
10/09/2022,21660.39,,
11/09/2022,21818.08,,
12/09/2022,22412.6,,
13/09/2022,20164.09,,
14/09/2022,20216.63,,
15/09/2022,19690.75,,
16/09/2022,19784.17,,
17/09/2022,20117.18,,
18/09/2022,19425.05,,
19/09/2022,19553.1,,
20/09/2022,18869.22,,
21/09/2022,18488.54,,
22/09/2022,19402.35,,
23/09/2022,19304.43,,
24/09/2022,18944.06,,
25/09/2022,18788.61,,
26/09/2022,19224.81,,
27/09/2022,19072.97,,
28/09/2022,19407.62,,
29/09/2022,19610.61,,
30/09/2022,19415.8,,
01/10/2022,19308.76,,
02/10/2022,19072.29,,
03/10/2022,19640.84,,
04/10/2022,20344.37,,
05/10/2022,20152.33,,
06/10/2022,19962.19,,
07/10/2022,19524.22,,
08/10/2022,19409.72,,
09/10/2022,19437.02,,
10/10/2022,19104.67,,
11/10/2022,19069.69,,
12/10/2022,19157.32,,
13/10/2022,19382.53,,
14/10/2022,19187.64,,
15/10/2022,19074.41,,
16/10/2022,19270.79,,
17/10/2022,19565.96,,
18/10/2022,19334.77,,
19/10/2022,19122.17,,
20/10/2022,19046.77,,
21/10/2022,19172.57,,
22/10/2022,19210.62,,
23/10/2022,19563.5,,
24/10/2022,19332.45,,
25/10/2022,20113.74,,
26/10/2022,20760.56,,
27/10/2022,20287.17,,
28/10/2022,20594.01,,
29/10/2022,20831.19,,
30/10/2022,20634.95,,
31/10/2022,20472.79,,
01/11/2022,20479.49,,
02/11/2022,20148.56,,
03/11/2022,20205.32,,
04/11/2022,21157.96,,
05/11/2022,21304.72,,
06/11/2022,20912.34,,
07/11/2022,20578.77,,
08/11/2022,18561.6,,
09/11/2022,15850.62,,
10/11/2022,17573.15,,
11/11/2022,16997.14,,
12/11/2022,16777.73,,
13/11/2022,16290.62,,
14/11/2022,16576.49,,
15/11/2022,16869.14,,
16/11/2022,16660.48,,
17/11/2022,16677.36,,
18/11/2022,16673.07,,
19/11/2022,16667.74,,
20/11/2022,16261.22,,
21/11/2022,15755.75,,
22/11/2022,16206.32,,
23/11/2022,16597.46,,
24/11/2022,16579.3,,
25/11/2022,16508.49,,
26/11/2022,16452.39,,
27/11/2022,16428.77,,
28/11/2022,16193.89,,
29/11/2022,16441.63,,
30/11/2022,17179.78,,
01/12/2022,16980.55,,
02/12/2022,17099.27,,
03/12/2022,16883.68,,
04/12/2022,17102.35,,
05/12/2022,16970.79,,
06/12/2022,17089.95,,
07/12/2022,16844.05,,
08/12/2022,17228.23,,
09/12/2022,17129.01,,
10/12/2022,17131.03,,
11/12/2022,17087.42,,
12/12/2022,17209.62,,
13/12/2022,17763.65,,
14/12/2022,17815.79,,
15/12/2022,17358,,
16/12/2022,16627.33,,
17/12/2022,16785.87,,
18/12/2022,16754.6,,
19/12/2022,16453.07,,
20/12/2022,16893.02,,
21/12/2022,16821.03,,
