Date,open,high,low,close,volume 
04/01/2010,109.8199997,110.1399994,109.3099976,109.8000031,16224100
05/01/2010,109.8799973,110.3899994,109.2600021,109.6999969,14213100
06/01/2010,110.7099991,111.7699966,110.4100037,111.5100021,24981900
07/01/2010,111.0699997,111.2900009,110.6200027,110.8199997,13609800
08/01/2010,111.5199966,111.5800018,110.2600021,111.3700027,15894600
11/01/2010,113.3399963,113.5899963,112.5199966,112.8499985,17253000
12/01/2010,112.3799973,113.0500031,110.1399994,110.4899979,29182600
13/01/2010,110.9199982,111.5699997,109.5699997,111.5400009,20014000
14/01/2010,111.5100021,112.3700027,110.7900009,112.0299988,18305300
15/01/2010,111.3499985,112.0100021,110.3799973,110.8600006,18002700
19/01/2010,110.9499969,111.75,110.8300018,111.5199966,10468200
20/01/2010,109.9700012,110.0500031,108.4599991,108.9400024,17535000
21/01/2010,108.4800034,108.7799988,106.6100006,107.3700027,25748400
22/01/2010,106.9300003,107.6800003,106.0100021,107.1699982,24210100
25/01/2010,107.4400024,107.7200012,107.0699997,107.4800034,13200500
26/01/2010,106.8700027,107.9899979,106.75,107.5599976,12297100
27/01/2010,107.5299988,108.8000031,106.1600037,106.5299988,19005100
28/01/2010,107.1800003,107.2300034,105.1800003,106.4800034,16793900
29/01/2010,105.8799973,106.3000031,105.2699966,105.9599991,20278800
01/02/2010,106.6399994,108.4800034,106.3700027,108.3499985,14901900
02/02/2010,109.1600037,109.5999985,108.6100006,109.1299973,14292200
03/02/2010,109.0999985,109.5400009,108.4300003,108.6999969,13393200
04/02/2010,106.7900009,106.8000031,103.75,104.3700027,39991900
05/02/2010,103.7600021,104.6800003,102.2799988,104.6800003,32656700
08/02/2010,104.4100037,105.1399994,104,104.0400009,17176600
09/02/2010,105.1800003,106.1500015,104.8700027,105.4100037,25959200
10/02/2010,105.1299973,105.5,104.1100006,105.1200027,16215200
11/02/2010,105.5800018,107.5599976,105.2699966,107.1299973,19350100
12/02/2010,106.0800018,107.0999985,105.5699997,107.0400009,14464200
16/02/2010,109.4499969,109.8700027,109.0999985,109.6200027,20895700
17/02/2010,109.6600037,110.0100021,108.8700027,109.25,19593400
18/02/2010,109.6100006,110.1100006,109.1900024,109.9800034,19177400
19/02/2010,109.3199997,110.3899994,108.8099976,109.4700012,21928700
22/02/2010,109.8600006,109.9700012,108.6600037,109.0699997,10742800
23/02/2010,108.8399963,108.9100037,107.6500015,107.8899994,13629600
24/02/2010,107.3300018,108.1600037,107.0999985,107.3600006,17207400
25/02/2010,106.6999969,108.6999969,106.5999985,108.3099976,23400400
26/02/2010,108.8899994,109.5999985,108.4100037,109.4300003,13033900
01/03/2010,109.4800034,109.9000015,108.9700012,109.4300003,12830900
02/03/2010,109.8600006,111.4499969,109.8600006,111.0199966,20102200
03/03/2010,111.4599991,112.1800003,111.1800003,111.6299973,16222100
04/03/2010,111.25,111.3700027,110.2200012,110.8300018,12944800
05/03/2010,111.1299973,111.75,110.8000031,110.8099976,11091400
08/03/2010,111.2200012,111.3000031,109.5199966,109.8799973,12753800
09/03/2010,109.1600037,110.1600037,109.0400009,109.7200012,12650800
10/03/2010,109.9400024,110.5,108.0199966,108.4700012,21982100
11/03/2010,108.2799988,108.6500015,107.8600006,108.5999985,9513300
12/03/2010,108.5599976,108.7699966,107.4499969,107.9499969,11849000
15/03/2010,108.1600037,108.5599976,107.8199997,108.3600006,7698600
16/03/2010,110.0199966,110.5699997,109.6999969,110.4000015,17749300
17/03/2010,110.1800003,110.4599991,109.5500031,109.5899963,13784300
18/03/2010,110.0999985,110.6100006,109.5,110.3399963,13848400
19/03/2010,108.2799988,110.2900009,107.8499985,108.2799988,24329100
22/03/2010,107.3099976,108,106.9499969,107.75,11579400
23/03/2010,107.5,108.5,107.3399963,108.3199997,11274400
24/03/2010,106.9400024,107.0699997,106.2399979,106.3000031,14236700
25/03/2010,107,107.25,106.4800034,106.7799988,16866700
26/03/2010,107.1600037,108.6999969,106.8199997,108.5899963,17433600
29/03/2010,108.8700027,109.1699982,108.4000015,108.75,11527000
30/03/2010,108.5699997,108.6600037,107.8700027,107.9700012,9817700
31/03/2010,109.4400024,109.5,108.8499985,108.9499969,14006800
01/04/2010,109.9700012,110.4700012,109.9199982,110.2600021,11370500
05/04/2010,110.5599976,110.9800034,110.2699966,110.8899994,8207900
06/04/2010,110.8899994,111.5100021,110.8300018,111.0299988,10322300
07/04/2010,111.8499985,112.9300003,111.7699966,112.4899979,19139500
08/04/2010,112.4700012,112.9800034,112.1299973,112.6500015,12445400
09/04/2010,113.0899963,114.0699997,112.7399979,113.6399994,16427800
12/04/2010,113.6399994,114.1299973,112.9800034,113.0100021,11118900
13/04/2010,113.1200027,113.1600037,112.0599976,112.6900024,11261100
14/04/2010,113.2300034,113.6600037,112.7799988,113.0299988,10572100
15/04/2010,112.9000015,113.7099991,112.8499985,113.6500015,10952100
16/04/2010,112.5,113.0699997,110.5400009,111.2399979,24572600
19/04/2010,110.8799973,111.3600006,110.6699982,111.1500015,7993700
20/04/2010,111.7300034,112.2099991,111.3300018,111.4599991,7019800
21/04/2010,111.8199997,112.6399994,111.4800034,112.3099976,6842900
22/04/2010,111.7900009,112.0100021,110.7600021,111.8399963,9598900
23/04/2010,111.2600021,113.3000031,111.0899963,113.1900024,12505800
26/04/2010,112.8799973,113.1999969,112.6299973,112.75,8335400
27/04/2010,112.4300003,114.8199997,112.3399963,114.6299973,25057100
28/04/2010,114.0299988,114.9899979,113.6299973,114.3099976,26891900
29/04/2010,113.8499985,114.5199966,113.8399963,114.2799988,10374300
30/04/2010,115.2600021,115.6999969,115.2099991,115.3600006,13403100
03/05/2010,115.9100037,116.2799988,115.5299988,115.7300034,13570800
04/05/2010,116.3899994,116.4300003,114.1699982,114.8700027,21512100
05/05/2010,113.5800018,115.2399979,113.3099976,115.0899963,21616700
06/05/2010,115.6200027,118.6200027,115.5699997,118.4899979,50546300
07/05/2010,117.6399994,118.8799973,116.7399979,118.2699966,34272700
10/05/2010,117.5,117.9000015,116.8099976,117.5699997,28433800
11/05/2010,119.4599991,120.8700027,118.9700012,120.6600037,36731800
12/05/2010,121.2799988,122.2399979,120.7699966,121.4000015,32703600
13/05/2010,121.2900009,121.7099991,120.0999985,120.5599976,22340400
14/05/2010,121.8799973,122.0199966,119.1200027,120.3700027,34643200
17/05/2010,120.5500031,121.1200027,119.2900009,119.3600006,27898000
18/05/2010,118.8600006,120.3199997,118.5,119.4899979,26595300
19/05/2010,118.1900024,118.4300003,116.0800018,116.6299973,34412400
20/05/2010,116.1399994,116.9499969,115.1800003,115.8399963,28908200
21/05/2010,115.0500031,116.2399979,114.5100021,115.2200012,20098300
24/05/2010,116.3399963,117.1699982,116.0400009,116.8399963,14300500
25/05/2010,117.1600037,117.5199966,116.8199997,117.3600006,21232700
26/05/2010,118.5800018,119.0800018,118.3199997,118.4700012,13153500
27/05/2010,118.1600037,119.0400009,118.1399994,118.6900024,10418500
28/05/2010,118.4800034,118.9000015,117.6299973,118.8799973,11579400
01/06/2010,119.8799973,120.25,119.6299973,119.9100037,12207800
02/06/2010,119.3499985,119.8799973,118.7200012,119.7799988,10339300
03/06/2010,119.1600037,119.3899994,117.4800034,117.9599991,13855200
04/06/2010,117.9599991,119.3899994,117.0500031,119.1900024,16532500
07/06/2010,118.7300034,121.8000031,118.6200027,121.4899979,20238600
08/06/2010,121.6100006,122.4499969,120.6600037,121,23404800
09/06/2010,120.4800034,120.9899979,119.5100021,120.5599976,12884600
10/06/2010,119.3600006,120.0400009,118.8300018,118.9700012,13687900
11/06/2010,119.8799973,120.4100037,119.3300018,120.0100021,7829400
14/06/2010,119.6299973,120.2600021,118.9599991,119.5999985,11002800
15/06/2010,119.7099991,121.0299988,119.4800034,120.9899979,15073000
16/06/2010,120.6800003,120.8899994,120.0400009,120.3300018,10500500
17/06/2010,121.6399994,122.4100037,121.4899979,121.9000015,19792200
18/06/2010,123.0400009,123.5,122.8099976,122.8300018,19429900
21/06/2010,123.0899963,123.1100006,120.3600006,120.3899994,20041700
22/06/2010,121.1600037,121.5899963,120.8700027,121.4499969,12940900
23/06/2010,120.8899994,121.0199966,119.7699966,120.9499969,14120400
24/06/2010,120.7600021,122.1600037,120.6699982,121.3000031,13137700
25/06/2010,122.75,123.1299973,122.4899979,122.7600021,9986700
28/06/2010,122.7900009,123.5599976,120.8099976,121.0899963,19650700
29/06/2010,121.0500031,121.8199997,120.0199966,121.2699966,17334700
30/06/2010,121.0699997,122.0899963,120.8799973,121.6800003,12016300
01/07/2010,120.9100037,121.0299988,116.9800034,117.0400009,33248900
02/07/2010,118.2099991,118.5,117.4100037,118.4899979,14732800
06/07/2010,117.6699982,117.7200012,116.3000031,116.5100021,16846900
07/07/2010,116.5699997,117.7799988,116.5,117.7300034,10930100
08/07/2010,117.3899994,117.4100037,116.0999985,117.2099991,11315100
09/07/2010,118.1399994,118.7300034,118,118.3600006,9596800
12/07/2010,117.8300018,118.1999969,116.9700012,117.3399963,7506700
13/07/2010,118.9800034,119.0999985,118.3600006,118.3600006,8423700
14/07/2010,118.2600021,119.1299973,117.5899963,118.3000031,9574800
15/07/2010,118.5899963,118.6999969,117.7300034,118.2300034,8586900
16/07/2010,116.6900024,116.7900009,115.9499969,116.6699982,17494400
19/07/2010,115.5699997,115.8000031,115.1100006,115.7300034,15723900
20/07/2010,115.75,116.7399979,115.4800034,116.6500015,9263100
21/07/2010,116.8000031,117,115.7099991,115.8499985,9396200
22/07/2010,115.9499969,117.5,115.9100037,116.8600006,8161000
23/07/2010,117.1200027,117.4700012,115.7900009,116.0899963,8337000
26/07/2010,116.3799973,116.4700012,115.3000031,115.5199966,11219000
27/07/2010,114.9499969,114.9899979,113.2099991,113.5100021,29524800
28/07/2010,113.4800034,113.9300003,113.0800018,113.7799988,16071500
29/07/2010,113.5400009,114.3499985,113.3399963,114.2900009,9476300
30/07/2010,114.3600006,115.7300034,114.0800018,115.4899979,10093200
02/08/2010,116.1200027,116.3899994,115.1999969,115.5400009,8473400
03/08/2010,115.8799973,116.4400024,115.8099976,115.9899979,5579400
04/08/2010,117.4100037,117.6500015,116.6500015,116.7200012,10323200
05/08/2010,117.0100021,117.0999985,116.3499985,116.9800034,7023000
06/08/2010,117.9899979,118.4199982,117.4899979,117.8399963,10001700
09/08/2010,117.7600021,117.8499985,117.2300034,117.4000015,6751400
10/08/2010,116.5899963,118.0899963,116.4000015,117.7300034,10444900
11/08/2010,117.7399979,118.1399994,116.5800018,117.3399963,12436900
12/08/2010,118.5599976,118.8600006,118.4599991,118.7699966,12327000
13/08/2010,118.8199997,118.8899994,118.3600006,118.7399979,10213200
16/08/2010,119.6999969,119.8199997,119.4599991,119.7300034,8948300
17/08/2010,119.75,119.9700012,119.5999985,119.75,9145400
18/08/2010,119.2300034,120.5100021,119,120.2200012,12102500
19/08/2010,120.6500015,120.9899979,120.1100006,120.3899994,10014500
20/08/2010,119.9700012,120.0699997,119.4499969,119.9700012,10682100
23/08/2010,119.9100037,120.0699997,119.4199982,119.7799988,4857800
24/08/2010,118.7699966,120.8000031,118.7099991,120.3600006,14811400
25/08/2010,121.1200027,121.3799973,120.6699982,121.3600006,13987100
26/08/2010,121.0899963,122.9499969,120.5,120.9599991,8886600
27/08/2010,121.1999969,121.4499969,120.4199982,121.0100021,11155400
30/08/2010,120.8499985,121.0599976,120.5800018,120.9100037,4390900
31/08/2010,121.7699966,122.1900024,121.4599991,122.0800018,12249700
01/09/2010,122.1500015,122.2099991,121.4300003,121.6900024,11873500
02/09/2010,122.3799973,122.4800034,121.8899994,122.2900009,7002100
03/09/2010,121.3899994,122.3899994,121.1500015,121.8600006,9074500
07/09/2010,122.9100037,123.0599976,122.6299973,122.6999969,8777500
08/09/2010,122.8199997,123.4199982,122.5999985,122.7099991,9788900
09/09/2010,122.4400024,122.8799973,121.3799973,121.5599976,13745000
10/09/2010,121.4000015,122.3000031,121.3899994,121.7300034,12510000
13/09/2010,121.6299973,122.1100006,121.3899994,121.6200027,9693300
14/09/2010,122.9199982,124.5899963,121.5500031,124.0199966,26588900
15/09/2010,123.9700012,124.2900009,123.4300003,123.9400024,11689100
16/09/2010,124.5,124.7699966,124.1900024,124.6299973,12672800
17/09/2010,125.0299988,125.0299988,124.2699966,124.5400009,13819200
20/09/2010,125.0899963,125.4499969,124.7799988,124.8700027,8475800
21/09/2010,124.7699966,126.1699982,124.1600037,126.0100021,20408400
22/09/2010,126.5800018,126.6299973,125.6999969,126.1999969,11046900
23/09/2010,126.1999969,126.6600037,125.8099976,126.3000031,9325200
24/09/2010,126.9100037,127,126.3000031,126.6900024,14945000
27/09/2010,126.9000015,126.9100037,126.4800034,126.7200012,6679700
28/09/2010,126.4199982,128.0299988,126.1100006,127.8499985,19857200
29/09/2010,127.9300003,128.2400055,127.5199966,127.9499969,12328900
30/09/2010,128.1499939,128.2799988,126.6100006,127.9100037,19213400
01/10/2010,127.9100037,129.0700073,127.9100037,128.9100037,17211900
04/10/2010,128.5200043,128.6199951,128.2200012,128.4600067,8368000
05/10/2010,130.1100006,131.1199951,129.8699951,130.9900055,17489600
06/10/2010,131.4499969,131.8600006,131.3399963,131.8099976,16142200
07/10/2010,132.6000061,132.6699982,129.5099945,130.3699951,38676800
08/10/2010,130.7799988,131.8800049,130.4700012,131.6600037,18693300
11/10/2010,131.2799988,132.3300018,130.9799957,132.2899933,10621300
12/10/2010,132.0599976,132.2100067,131.3600006,131.9600067,13289200
13/10/2010,132.7299957,134.3099976,132.6300049,134.0700073,18398500
14/10/2010,134.0599976,134.8500061,133.8999939,134.75,26890500
15/10/2010,134.2400055,134.4600067,133.0700073,133.6799927,26168600
18/10/2010,133.4600067,134.3399963,133.1600037,134.2799988,12289500
19/10/2010,130.4600067,131.5899963,129.75,130.1100006,25327200
20/10/2010,130.3600006,131.6499939,130.3200073,131.3200073,12556600
21/10/2010,131.0800018,131.5899963,128.7200012,129.4700012,21804200
22/10/2010,129.4700012,129.75,128.9700012,129.7299957,11885300
25/10/2010,131.1600037,131.3800049,130.2100067,130.8500061,12154900
26/10/2010,129.9900055,131.1399994,129.7299957,130.8800049,10710900
27/10/2010,129.9299927,130,128.7899933,129.5200043,16132100
28/10/2010,130.3600006,131.5,129.8399963,131.2400055,15889600
29/10/2010,131.4799957,132.8200073,131.0599976,132.6199951,14334900
01/11/2010,132.8500061,133.0700073,131.7599945,131.9199982,12403600
02/11/2010,132.4400024,132.5899963,131.8800049,132.4900055,9396900
03/11/2010,132.2799988,132.5200043,129.4799957,131.5700073,31702100
04/11/2010,134.6399994,136.1300049,134.2400055,136.0299988,23464700
05/11/2010,135.1399994,136.6100006,134.9499969,136.3800049,20342500
08/11/2010,135.9199982,137.7899933,135.5299988,137.7799988,17367400
09/11/2010,138.6999969,139.1499939,135.0500031,135.5899963,39445200
10/11/2010,137.0299988,137.2799988,135.1499939,137.2400055,28484700
11/11/2010,137.6199951,137.75,136.4499969,137.6600037,15447500
12/11/2010,135.8899994,136.3099976,132.8200073,133.6900024,35885900
15/11/2010,133.8600006,134.4900055,132.3899994,132.4199982,15096800
16/11/2010,132.2400055,132.3800049,129.8300018,130.9700012,32478100
17/11/2010,130.7700043,131.3699951,130.1300049,130.3800049,16432100
18/11/2010,131.8200073,132.7799988,131.5500031,132.0899963,16009400
19/11/2010,131.4799957,132.3500061,131.0099945,132.1999969,14146400
22/11/2010,132.1300049,133.6000061,131.6900024,133.4799957,13093400
23/11/2010,133.6000061,135.0700073,133.4600067,134.4100037,18215200
24/11/2010,134.3600006,134.6999969,133.7400055,134.1799927,8858100
26/11/2010,132.3800049,133.1600037,131.9299927,133.1100006,7822400
29/11/2010,133.1900024,133.75,132.3300018,133.5099945,13983800
30/11/2010,135.2100067,135.75,134.7799988,135.4199982,17473100
01/12/2010,135.7100067,136.1399994,134.9600067,135.3800049,16831100
02/12/2010,135.6199951,136.5899963,135.1499939,135.1999969,17583800
03/12/2010,136.6199951,138.1100006,136.4799957,138.0700073,16517200
06/12/2010,138.1399994,139.4600067,137.7299957,139.1100006,15640800
07/12/2010,139.4600067,139.5399933,136.4600067,136.5,26490400
08/12/2010,135.9100037,136.2899933,133.8800049,134.7899933,23483300
09/12/2010,135.6900024,136.1600037,134.8800049,135.3699951,14157600
10/12/2010,134.9400024,135.4799957,133.9499969,135.4100037,11937900
13/12/2010,136.2599945,136.6399994,135.8600006,136.0500031,13352400
14/12/2010,136.2700043,137.2100067,135.8600006,136.1799927,17430800
15/12/2010,135.3399963,135.9299927,134.6799927,134.6999969,15089500
16/12/2010,134.2100067,134.2299957,132.8600006,133.8099976,23463000
17/12/2010,133.9700012,134.6300049,133.2200012,134.1999969,17213000
20/12/2010,135.1300049,135.4400024,134.3300018,135.1100006,13142300
21/12/2010,135.1699982,135.7799988,134.7899933,135.3200073,10235600
22/12/2010,135.6000061,135.6999969,134.9700012,135.0500031,7300600
23/12/2010,134.2599945,134.8999939,133.9299927,134.6600037,8700800
27/12/2010,134.9600067,135.0599976,134.4900055,135.0200043,3436400
28/12/2010,136.8500061,137.3399963,136.6199951,137.2200012,10111800
29/12/2010,137.3800049,138.0500031,137.1900024,137.7100067,8442300
30/12/2010,137.5800018,137.7100067,136.9400024,137.0299988,5749400
31/12/2010,137.7799988,138.7700043,137.7200012,138.7200012,9219800
03/01/2011,138.6699982,139,137.8800049,138,11510200
04/01/2011,136.2400055,136.2799988,134.1600037,134.75,26154300
05/01/2011,133.5,134.6799927,133.1000061,134.3699951,16700900
06/01/2011,134.0500031,134.3800049,133.1399994,133.8300018,15965300
07/01/2011,133.3800049,134.6100006,133.1799927,133.5800018,16761400
10/01/2011,133.8500061,134.1999969,133.2400055,134.1199951,8429900
11/01/2011,134.7899933,135.1600037,133.9600067,134.9100037,10268400
12/01/2011,134.7899933,135.5800018,134.3500061,135.4600067,10785100
13/01/2011,135.6600037,135.6799927,133.6300049,134.0500031,14294600
14/01/2011,133.1699982,133.6000061,132.2200012,132.6900024,21224900
18/01/2011,133.6300049,134,133.1699982,133.4299927,11592900
19/01/2011,134.3399963,134.3999939,133.3999939,133.7200012,11788100
20/01/2011,131.7599945,132.1000061,131.0399933,131.1999969,24362900
21/01/2011,130.7599945,131.4299927,130.5299988,131.0299988,19488400
24/01/2011,131.0099945,131.6300049,130.1399994,130.3600006,15127200
25/01/2011,129.6499939,130.2700043,129.0700073,130.1000061,22219700
26/01/2011,129.8300018,131.1699982,129.2799988,131.1600037,20543000
27/01/2011,130.2899933,130.4900055,127.8000031,127.9300003,33047000
28/01/2011,127.9700012,131.4799957,127.9499969,130.2799988,28091500
31/01/2011,129.2700043,130.5099945,129.25,129.8699951,14664100
01/02/2011,130.5200043,131.0800018,129.3300018,130.8000031,15363700
02/02/2011,130.3699951,130.6000061,129.4499969,130.4499969,10082000
03/02/2011,130.0700073,132.3200073,129.2799988,132.1999969,17374700
04/02/2011,131.8399963,132.6999969,131.2299957,131.6600037,15214300
07/02/2011,131.6699982,131.9499969,131.2299957,131.6799927,7176300
08/02/2011,132.9600067,133.5,132.8000031,133.1399994,16220900
09/02/2011,133.1900024,133.3899994,132.4900055,133.0700073,10178400
10/02/2011,132.1100006,133.3099976,132,132.8500061,8105200
11/02/2011,133.0099945,133.4400024,132.0899963,132.3200073,9888600
14/02/2011,132.9499969,133.3800049,132.6999969,132.9499969,8694200
15/02/2011,133.8600006,134.1699982,133.6300049,133.9700012,10111200
16/02/2011,134.2299957,134.8600006,133.4499969,134.1000061,12822800
17/02/2011,134.7400055,135.1600037,134.4700012,135.0399933,11322200
18/02/2011,135.1699982,135.8000031,134.8800049,135.4100037,15890100
22/02/2011,136.9199982,137.2200012,136.1900024,136.2899933,16676100
23/02/2011,136.9700012,138.1999969,136.9199982,137.5099945,15685700
24/02/2011,138.0399933,138.1399994,135.7299957,136.4799957,18781700
25/02/2011,137.2200012,137.7400055,136.7700043,137.3800049,10351400
28/02/2011,137.6499939,138.1399994,137.0299988,137.6600037,8847000
01/03/2011,138.5700073,140.0299988,138.4900055,140.0299988,17438100
02/03/2011,140.2400055,140.5500031,139.4799957,139.9199982,15719800
03/03/2011,138.8099976,139.1300049,137.5700073,138.0899963,16485000
04/03/2011,138.6300049,139.75,138.6100006,139.3500061,17454600
07/03/2011,140.2899933,140.6100006,139.2799988,139.7200012,14068900
08/03/2011,139.6499939,139.6600037,138.8300018,139.3600006,10730500
09/03/2011,139.9199982,139.9499969,138.9400024,139.4100037,8736400
10/03/2011,138.5,138.5,136.8500061,137.7700043,15559100
11/03/2011,137.2899933,138.9299927,137.1799927,138.2200012,10416900
14/03/2011,139.3300018,139.5500031,138.6100006,138.8600006,10239300
15/03/2011,135.3500061,136.9400024,135.2299957,136.2700043,23465100
16/03/2011,136.5200043,137.1999969,135.8000031,136.2400055,13392500
17/03/2011,136.5599976,137.0800018,136.25,136.9700012,9117400
18/03/2011,138.1399994,138.8300018,137.7599945,138.3699951,18602000
21/03/2011,139.5,139.9100037,138.9700012,139.1399994,13742500
22/03/2011,138.8800049,139.3600006,138.6699982,139.0500031,9553700
23/03/2011,139.6100006,140.5500031,139.5500031,140.3399963,11541000
24/03/2011,140.2700043,141.2799988,138.8300018,139.2200012,17016600
25/03/2011,140,140.2400055,138.6600037,139.2599945,13191100
28/03/2011,137.8200073,138.8300018,137.7799988,138.5399933,7656000
29/03/2011,138.2100067,138.8200073,137.9400024,138.2100067,6345200
30/03/2011,139.0700073,139.1799927,137.6799927,138.6699982,10749400
31/03/2011,140.0800018,140.3999939,139.7799988,139.8600006,15227300
01/04/2011,138.6499939,139.5500031,137.7200012,139.1999969,15738300
04/04/2011,140.1300049,140.2599945,139.4499969,139.8399963,9685100
05/04/2011,139.5800018,142.0899963,139.5200043,142.0500031,18295300
06/04/2011,142.3999939,142.6199951,141.7700043,142.3800049,10710300
07/04/2011,142.2299957,142.8899994,141.8000031,142.5099945,9486800
08/04/2011,143.3399963,143.8399963,142.9700012,143.6600037,13128200
11/04/2011,143.2799988,143.4900055,142.2799988,142.6399994,10105600
12/04/2011,142.7400055,142.8200073,140.75,141.6100006,14948100
13/04/2011,142.3899994,142.5299988,141.4799957,141.8999939,13884200
14/04/2011,142.3500061,143.8300018,142.2299957,143.8099976,14174100
15/04/2011,143.8500061,145.1199951,143.5700073,145.0500031,19121600
18/04/2011,145.2100067,146.0700073,144.6300049,145.9299927,17340100
19/04/2011,145.7299957,146.2400055,145.1799927,145.9299927,10950100
20/04/2011,146.3699951,146.8399963,145.7400055,146.5,13716800
21/04/2011,146.5700073,147.0599976,146.3200073,146.7400055,10109400
25/04/2011,147.5700073,147.5800018,146.4199982,146.8699951,15596400
26/04/2011,146.4700012,146.6199951,145.4799957,146.3800049,16200000
27/04/2011,147.3800049,149.2100067,146.5200043,149.1999969,21945900
28/04/2011,149.3000031,150,148.6000061,149.8200073,20754000
29/04/2011,149.8999939,153.0299988,149.75,152.3699951,27600000
02/05/2011,151.4600067,153.6100006,150.3600006,150.4100037,24094100
03/05/2011,150.4299927,150.9700012,148.8500061,149.8800049,24215600
04/05/2011,149.8600006,150.3399963,146.7599945,147.7299957,35107000
05/05/2011,146.8200073,147.5800018,142.5500031,143.4700012,51284000
06/05/2011,145.2400055,146.0899963,144.3999939,145.3000031,24182200
09/05/2011,146.6699982,147.5800018,146.3399963,147.3800049,13854800
10/05/2011,147.1900024,148.1900024,146.9299927,147.8999939,11285200
11/05/2011,147.2400055,147.3500061,145.7700043,146.5399933,21378300
12/05/2011,145.8800049,147.1199951,144.9600067,146.5899963,18730400
13/05/2011,146.7200012,147.2799988,144.4900055,145.6300049,17268700
16/05/2011,145.8800049,146.6699982,145.1900024,145.3699951,10066800
17/05/2011,144.2299957,144.7799988,143.4199982,144.7400055,17192100
18/05/2011,145.5500031,146.2200012,145.1399994,145.6000061,10502900
19/05/2011,145.1199951,145.8500061,144.8600006,145.6499939,8098100
20/05/2011,145.8200073,147.7799988,144.8999939,147.4900055,23187900
23/05/2011,147.0399933,147.9499969,146.9700012,147.8300018,15937600
24/05/2011,148.4799957,149.0500031,148.1799927,148.5899963,14948000
25/05/2011,148.7200012,149.3699951,148.5200043,148.5800018,10973800
26/05/2011,148.4499969,148.6100006,147.5899963,148.2200012,9785500
27/05/2011,149.0200043,149.9199982,148.9600067,149.6999969,10186200
31/05/2011,149.8800049,150.1600037,149.4100037,149.6399994,10499300
01/06/2011,149.6600037,151.1300049,149.4299927,149.9100037,18365400
02/06/2011,150.1499939,150.3800049,148.0700073,149.5,13552700
03/06/2011,150.2799988,150.6600037,149.6199951,150.2200012,12606400
06/06/2011,150.8200073,151.4499969,150.2100067,150.4799957,11472600
07/06/2011,150.6699982,150.8500061,149.6799927,150.4199982,10140500
08/06/2011,150.0200043,150.3800049,149.3000031,149.8099976,9612500
09/06/2011,150.0099945,151.0200043,149.75,150.5599976,7643200
10/06/2011,149.0399933,149.7799988,148.6900024,149.2400055,12344900
13/06/2011,148.6600037,149.0399933,147.1900024,147.7700043,12989300
14/06/2011,147.6999969,148.7299957,147.4799957,148.6699982,10938500
15/06/2011,148.1600037,149.5500031,147.9199982,149.1199951,14550700
16/06/2011,148.8300018,149.4900055,148.2200012,148.9700012,11035000
17/06/2011,148.8699951,150.2899933,148.8300018,149.9400024,19205100
20/06/2011,150.0800018,150.7899933,149.5800018,150.0299988,10463400
21/06/2011,150.2599945,150.8699951,150.1799927,150.7599945,12439200
22/06/2011,151.0099945,151.8600006,150.5599976,150.9900055,14109700
23/06/2011,148.6699982,148.8399963,147.2599945,148.3399963,24869600
24/06/2011,147.8600006,148.0200043,145.9700012,146.2599945,19301400
27/06/2011,145.9299927,146.3999939,145.1999969,145.7299957,11602500
28/06/2011,146.1600037,146.7700043,145.6699982,146.2400055,8813800
29/06/2011,146.7700043,147.4199982,146.4400024,147.1799927,12624600
30/06/2011,147.1799927,147.4100037,145.9799957,146,12657100
01/07/2011,144.7599945,145.0700073,143.9700012,144.9299927,16366500
05/07/2011,146.9600067,147.8200073,146.8500061,147.6300049,11278200
06/07/2011,148.6999969,149.4400024,148.5800018,148.9100037,14502500
07/07/2011,148.9700012,149.3500061,148.2899933,149.1499939,9520900
08/07/2011,150.3200073,150.5,149.9900055,150.25,13662300
11/07/2011,151.3300018,151.6900024,150.1999969,151.5899963,20447200
12/07/2011,151.2400055,153.3200073,150.7700043,152.7700043,24033700
13/07/2011,153.7599945,154.7100067,153.5800018,154.1399994,26351000
14/07/2011,154.8099976,155.2400055,153.9499969,154.5399933,17613600
15/07/2011,154.3399963,155.2899933,154.2200012,155.1999969,18448400
18/07/2011,155.7599945,156.5800018,155.6699982,156.5700073,17133400
19/07/2011,156.3200073,156.3200073,154.1000061,154.6600037,22871500
20/07/2011,154.2200012,156.0200043,154.1100006,156.0200043,14559300
21/07/2011,155.9100037,156.0399933,154.3300018,154.8300018,18422800
22/07/2011,156,156.5599976,155.6799927,156.1199951,11378700
25/07/2011,157.6000061,157.8000031,156.7200012,157.3399963,13036200
26/07/2011,156.9700012,157.7899933,156.6000061,157.7700043,11735500
27/07/2011,158.4700012,158.6399994,156.6900024,157.1900024,18296600
28/07/2011,157.5399933,157.6000061,156.1100006,157.3200073,11369100
29/07/2011,158.4299927,159.25,157.6799927,158.2899933,17122800
01/08/2011,157.4700012,158.9700012,156.7799988,157.7200012,14825700
02/08/2011,159.3300018,161.6199951,158.9700012,161.5200043,24284500
03/08/2011,162.3600006,162.8600006,161.3399963,161.4900055,27823700
04/08/2011,163.6100006,163.8699951,159.6799927,160.6399994,40380300
05/08/2011,161.6399994,162.3699951,160.4799957,161.75,24554700
08/08/2011,165.4799957,167.6100006,164.7599945,167.1199951,43002400
09/08/2011,169.9299927,173.1499939,167.4799957,168.6100006,55765800
10/08/2011,172.4600067,175.1300049,171.6199951,174.5800018,44797200
11/08/2011,172.2799988,172.3399963,168.6499939,170.75,49888300
12/08/2011,169.5700073,170.0599976,167.7700043,169.9700012,29220000
15/08/2011,169.3200073,171.9100037,168.9499969,171.8000031,17798000
16/08/2011,172.6000061,174.0700073,172.5,173.9199982,19658000
17/08/2011,173.8699951,174.6799927,173.25,174.4199982,16482000
18/08/2011,177.1499939,178.1000061,176.4100037,177.7200012,25512800
19/08/2011,181.6399994,181.6699982,178.9100037,179.9499969,34398100
22/08/2011,181.9499969,184.8200073,181.6000061,184.5899963,27482600
23/08/2011,182.2400055,183.8200073,177.5,177.6699982,55265400
24/08/2011,177.8999939,178.3099976,170.3099976,171.6499939,70700300
25/08/2011,167,172.8099976,165.8800049,172.3600006,43273700
26/08/2011,173.5700073,177.5500031,171.75,177.4700012,38673000
29/08/2011,175.9499969,176.0099945,172.8800049,173.8899994,25265500
30/08/2011,177.6999969,179.3099976,176.6600037,179.1000061,23441000
31/08/2011,177.7299957,179.1600037,176.3300018,177.7200012,16054400
01/09/2011,177.4400024,178.2599945,176.5500031,177.8699951,13895500
02/09/2011,182.8200073,183.5099945,182.1000061,183.2400055,19911200
06/09/2011,184.5800018,185.8500061,181.3099976,182.8999939,30254500
07/09/2011,176.1900024,178.0899963,174.4499969,177.0800018,30760000
08/09/2011,181.3899994,182.1199951,179.7700043,181.8099976,20741300
09/09/2011,179.7599945,181.9499969,179.1699982,180.6999969,25429600
12/09/2011,178.7299957,178.9900055,175.3300018,176.6699982,21812800
13/09/2011,177.5200043,179.5399933,176.2899933,178.5399933,17246400
14/09/2011,177.5500031,177.7799988,176.0500031,177.2100067,18122800
15/09/2011,174.6100006,174.8500061,172.5599976,174.3999939,20897000
16/09/2011,173.7200012,177.3999939,173.7100067,176.0299988,20693700
19/09/2011,176.8300018,176.8600006,172.1999969,173.3099976,18301100
20/09/2011,173.1799927,176.3699951,172.8399963,175.7799988,12667600
21/09/2011,174.7899933,176.7299957,173.1399994,173.5899963,16431300
22/09/2011,169.3000031,170.3200073,167.4799957,169.0500031,32476300
23/09/2011,164.5099945,165.7200012,158.5500031,159.8000031,52981400
26/09/2011,157.1199951,158.8000031,154.1900024,157.5800018,42373800
27/09/2011,161.6100006,162.2899933,159.9100037,160.6300049,25124200
28/09/2011,160.7299957,161.2899933,155.5599976,156.2200012,21776000
29/09/2011,158.1199951,158.1999969,156.1399994,157.6999969,17340800
30/09/2011,157.3000031,160,156.3300018,158.0599976,16770300
03/10/2011,161.0899963,161.5599976,159.9299927,160.9600067,14200400
04/10/2011,160.9499969,161.0299988,155.2700043,157.6399994,24000000
05/10/2011,158.0099945,160.3200073,156.4400024,159.4600067,15132300
06/10/2011,160.0200043,161.1100006,158.7700043,160.4900055,12389500
07/10/2011,161.0200043,161.5800018,158.2299957,159.1799927,12977400
10/10/2011,162.0500031,163.3200073,161.1399994,163.2700043,8984500
11/10/2011,162.2100067,162.5099945,161.2100067,162.1000061,8256900
12/10/2011,163.6999969,164,162.5,163.2599945,10867900
13/10/2011,162.3000031,162.4799957,160.8200073,162.3000031,8327900
14/10/2011,163.3300018,163.8200073,162.25,163.3999939,9737900
17/10/2011,164,164.1600037,161.9499969,162.6199951,8765700
18/10/2011,159.9600067,162.0299988,158.3000031,161.8399963,15390800
19/10/2011,161.0899963,161.4299927,159.5500031,159.8699951,8528700
20/10/2011,157.6199951,158.4199982,156.0500031,157.7700043,17367500
21/10/2011,159.9900055,160.4499969,158.9400024,159.5200043,13334500
24/10/2011,160.5500031,161.3300018,160.2200012,161.0200043,10199800
25/10/2011,161.2400055,166.3399963,160.4100037,165.5899963,22130800
26/10/2011,167.0299988,168.0500031,166.4199982,167.3999939,17116300
27/10/2011,167.5899963,170.2899933,166.6499939,169.5500031,15876900
28/10/2011,169.6399994,169.9400024,168.75,169.6199951,9362900
31/10/2011,167.7599945,168.1600037,166.9100037,167.3399963,8437200
01/11/2011,164.0299988,167.4100037,163.6100006,167.3800049,15335400
02/11/2011,168.5899963,169.7400055,167.3000031,169.0599976,14530500
03/11/2011,171.1699982,172.0399933,169.8999939,171.7200012,17610400
04/11/2011,171.0299988,171.3399963,170.1600037,170.8500061,11060400
07/11/2011,172.8500061,175,172.7100067,174.9799957,20131900
08/11/2011,174.3500061,175.4600067,172.8999939,173.5299988,16054200
09/11/2011,174.2799988,174.8099976,171.6100006,172.0700073,12313900
10/11/2011,172.4299927,172.5899963,168.8300018,171.1399994,11848700
11/11/2011,172.1000061,174.0500031,172.0700073,173.9600067,8727100
14/11/2011,173.7400055,173.8600006,172.5899963,173.1999969,5886400
15/11/2011,173.3500061,173.8099976,171.8999939,173.3600006,9167900
16/11/2011,171.6300049,172.9600067,170.5700073,171.5099945,15093300
17/11/2011,170.0399933,170.3000031,166.3899994,167.1000061,28468900
18/11/2011,167.2299957,168.6900024,166.6000061,167.6199951,14172900
21/11/2011,166.6100006,166.7100067,162.0700073,163.5,22030700
22/11/2011,164.7400055,165.9199982,164.6100006,165.3099976,12094400
23/11/2011,164.5500031,165.3699951,163.1199951,164.8300018,11483300
25/11/2011,163.3300018,165.1999969,163.2899933,163.3999939,6098000
28/11/2011,166.9299927,167.1399994,165.9799957,166.6300049,12004000
29/11/2011,166.3999939,167.3300018,166.0800018,166.8800049,9198900
30/11/2011,169.6999969,170.3000031,169.0599976,170.1300049,11821600
01/12/2011,169.8500061,170.5700073,168.5899963,169.6300049,11610300
02/12/2011,170.6499939,170.8000031,169.3600006,169.8200073,8433200
05/12/2011,169.0599976,169.9499969,167.0599976,167.3200073,10246700
06/12/2011,166.3099976,168.5700073,165.5299988,168.1799927,10381900
07/12/2011,168.7899933,169.5200043,167.7599945,169.3999939,10361300
08/12/2011,166.9600067,167.6300049,165.7299957,165.9799957,11734500
09/12/2011,166.4299927,167.3399963,166.1199951,166.3999939,8354000
12/12/2011,162.3500061,162.4100037,161.1399994,161.9900055,15339400
13/12/2011,161.8600006,163.1900024,157.7599945,158.4499969,25040400
14/12/2011,156.7899933,157.3399963,152.0500031,152.8899994,42334400
15/12/2011,154.7400055,154.9499969,151.7100067,152.3300018,21521900
16/12/2011,154.3099976,155.3699951,153.8999939,155.2299957,18124300
19/12/2011,155.4799957,155.8600006,154.3600006,154.8699951,12547200
20/12/2011,156.8200073,157.4299927,156.5800018,156.9799957,9136300
21/12/2011,156.9799957,157.5299988,156.1300049,157.1600037,11996100
22/12/2011,156.3500061,156.8000031,155.3300018,156.0399933,9888400
23/12/2011,156.3500061,156.4900055,155.8200073,156.3099976,3565100
27/12/2011,155.0800018,155.5500031,154.5399933,154.9100037,4918600
28/12/2011,154.0500031,154.2599945,150.6600037,151.0299988,16436100
29/12/2011,149.0899963,150.7200012,148.2700043,150.3399963,19812200
30/12/2011,152.1399994,153.75,151.7899933,151.9900055,10852700
03/01/2012,154.7599945,156.3000031,154.5500031,155.9199982,13385800
04/01/2012,155.4299927,157.3800049,155.3399963,156.7100067,11549700
05/01/2012,155.3699951,158.0299988,155.25,157.7799988,11621600
06/01/2012,158.5899963,158.6300049,156.3800049,157.1999969,9790500
09/01/2012,157.3600006,157.5899963,156.1900024,156.5,8771900
10/01/2012,158.9700012,159.4700012,158.4700012,158.6399994,8371400
11/01/2012,159.3399963,160.0500031,158.9100037,159.6699982,7968500
12/01/2012,161.0200043,161.6199951,159.8300018,160.3800049,8602500
13/01/2012,159.3200073,159.5899963,158.0099945,159.2599945,8910300
17/01/2012,161.1699982,161.6499939,160.4199982,160.5,8313300
18/01/2012,159.9400024,161.6399994,159.6799927,161.6000061,9341200
19/01/2012,160.9600067,161.4499969,160.3300018,161.2200012,8114200
20/01/2012,160.5,162.0899963,160,162.0700073,11616700
23/01/2012,162.3200073,163.4700012,162.3200073,163.1600037,8832100
24/01/2012,161.8099976,162.3699951,161.5299988,162.0099945,7502100
25/01/2012,161.0700073,166.5500031,160.2899933,166.4199982,28957700
26/01/2012,168.0500031,168.3099976,167.0500031,167.2700043,19143800
27/01/2012,167.4400024,169,167.4100037,168.9700012,13030100
30/01/2012,168.1900024,168.5399933,167.7400055,168.0299988,8438000
31/01/2012,169.7700043,169.8600006,167.7200012,169.3099976,11192500
01/02/2012,169.75,170.1799927,169.0800018,169.5599976,7734200
02/02/2012,169.9600067,171.2299957,169.6799927,171.0500031,11509600
03/02/2012,169.8800049,170.1399994,167.5099945,167.6399994,23355300
06/02/2012,166.9600067,167.6799927,166.6100006,167.1799927,8807400
07/02/2012,167.3800049,170.0899963,167.1499939,169.6999969,11614300
08/02/2012,169.2599945,169.9600067,167.5,168.5,10655500
09/02/2012,170.0099945,170.3699951,167.6699982,168.0200043,16085200
10/02/2012,166.4900055,167.6399994,166.3300018,167.1399994,10326800
13/02/2012,167.3300018,167.9400024,166.7400055,167.5099945,7088900
14/02/2012,167.6499939,167.9299927,166.4199982,167.1199951,7862500
15/02/2012,168.6300049,168.75,167.1900024,168.1100006,11638500
16/02/2012,166.3300018,168.1399994,166.1699982,168,10734000
17/02/2012,168.2899933,168.3300018,166.8699951,167.3500061,7286900
21/02/2012,169.6499939,171.0700073,169.5899963,171.0200043,13611200
22/02/2012,170.3999939,173.1699982,170.1900024,172.9400024,16676500
23/02/2012,172.6900024,173.7700043,172.2799988,173.0200043,11654200
24/02/2012,172.6300049,173.0399933,172,172.2299957,9293700
27/02/2012,172.1399994,172.9199982,171.5800018,171.6999969,7340900
28/02/2012,172.8399963,174,172.6000061,173.4900055,12413000
29/02/2012,173.1900024,173.5899963,164,164.2899933,44149000
01/03/2012,166.1000061,167.7200012,165.75,166.6100006,19200700
02/03/2012,166.2299957,166.8300018,165.6300049,166.3399963,9298100
05/03/2012,165.7700043,165.9100037,164.5500031,165.6499939,12071400
06/03/2012,162.1499939,162.8099976,161.7799988,162.6999969,15533200
07/03/2012,162.7599945,164.0200043,162.5099945,163.6300049,9553300
08/03/2012,164.7400055,165.5500031,164.0500031,165.2799988,8858200
09/03/2012,163.6399994,166.5700073,163.25,166.3800049,13698200
12/03/2012,165.3300018,165.5800018,164.3999939,165.0700073,6523800
13/03/2012,163.9400024,165.4100037,161.4299927,162.3000031,20047000
14/03/2012,159.6100006,160.5800018,158.8000031,159.5700073,28822100
15/03/2012,159.7299957,161.9799957,159.2799988,161.0800018,12689300
16/03/2012,160.0800018,161.5399933,159.9199982,161.3000031,12549200
19/03/2012,160.8500061,162.3000031,160.7200012,161.5899963,9920800
20/03/2012,160.1999969,161.0800018,159.7700043,160.1300049,11643700
21/03/2012,160.6300049,161.4799957,160.1499939,160.2100067,6672700
22/03/2012,158.1999969,159.7100067,158.1300049,159.5700073,11107700
23/03/2012,160.8800049,161.8800049,160.5200043,161.5299988,10689000
26/03/2012,163.1699982,164.5399933,162.9499969,164.3999939,13226700
27/03/2012,164.5200043,164.8899994,163.1300049,163.2400055,10908700
28/03/2012,162.7100067,162.9799957,160.6600037,161.5099945,11008200
29/03/2012,161.1399994,161.4600067,159.8099976,161.2799988,11026900
30/03/2012,161.6699982,162.3300018,161.2200012,162.1199951,7534000
02/04/2012,161.9600067,163.5599976,161.8099976,162.9400024,7541700
03/04/2012,163.2299957,163.2299957,159.1699982,159.8899994,16822300
04/04/2012,157.6999969,158.0299988,156.5800018,157.2100067,15975600
05/04/2012,157.8699951,158.6799927,157.7799988,158.3099976,8967700
09/04/2012,159.7200012,160.0099945,158.9100037,159.3699951,8245800
10/04/2012,159.6600037,161.5800018,158.4700012,161.1000061,14288500
11/04/2012,161.1999969,161.5399933,160.7400055,161.0700073,10005400
12/04/2012,160.7400055,163.1999969,160.4600067,162.6999969,9229900
13/04/2012,162.4499969,162.4600067,160.1699982,160.8500061,10041000
16/04/2012,160.5099945,161.1799927,159.5299988,160.4600067,6670500
17/04/2012,160.5399933,160.9600067,158.75,160.25,7587100
18/04/2012,159.4900055,160.1199951,159.0700073,159.3099976,7463000
19/04/2012,160,160.6399994,159.0200043,159.4299927,9914400
20/04/2012,159.25,159.9100037,159.1999969,159.5399933,9148800
23/04/2012,158.1999969,159.1799927,157.8800049,159.0700073,8876800
24/04/2012,159.6300049,160.1799927,159.2899933,159.3000031,5200600
25/04/2012,159.4799957,159.9600067,157.7599945,159.6199951,15093700
26/04/2012,160.4600067,161.3800049,160.1000061,161.0299988,10918700
27/04/2012,161.7799988,161.9700012,161.1499939,161.3800049,8906600
30/04/2012,160.4900055,161.8800049,160.3099976,161.8800049,8007300
01/05/2012,162.0899963,162.1799927,160.8899994,161.3200073,7414800
02/05/2012,160.7400055,160.7799988,159.7599945,160.5899963,5632300
03/05/2012,159.1600037,159.4799957,158.3699951,158.9700012,13172000
04/05/2012,158.8200073,159.9799957,158.5700073,159.4700012,11389600
07/05/2012,159.3099976,159.3399963,158.4499969,159.0800018,4927800
08/05/2012,156.6100006,156.7299957,154.9199982,156,17852300
09/05/2012,154.1000061,154.9799957,153.6000061,154.4700012,13864000
10/05/2012,155.1600037,155.5700073,154.6399994,154.7700043,7460100
11/05/2012,153.4400024,154.4700012,153.2400055,153.5599976,8285600
14/05/2012,151.5800018,152.0299988,151,151.3300018,13388200
15/05/2012,151.1600037,151.4400024,149.6300049,149.7400055,13354500
16/05/2012,149.4799957,150.6999969,148.6000061,149.4600067,16750700
17/05/2012,150.8300018,153.3999939,150.3800049,152.8000031,18080700
18/05/2012,154.4600067,155.1300049,153.9700012,154.5500031,12994200
21/05/2012,154.1100006,154.9499969,153.8600006,154.6499939,7542400
22/05/2012,153.5899963,154.4199982,151.5500031,152.0800018,11302700
23/05/2012,151.5,151.8399963,148.8399963,151.6199951,18854500
24/05/2012,152.7100067,152.9100037,150.6199951,151.4100037,9697100
25/05/2012,151.8899994,152.8500061,151.6300049,152.6799927,6212900
29/05/2012,153.4700012,153.6199951,150.25,151.0200043,11243100
30/05/2012,149.7400055,152.3800049,148.5299988,151.9100037,16764800
31/05/2012,152.0299988,152.7100067,150.6199951,151.6199951,10114300
01/06/2012,155.4100037,158.3099976,154.8699951,157.5,27399400
04/06/2012,157.2599945,157.4400024,156.1600037,157.3200073,11462100
05/06/2012,156.9199982,157.2700043,156.4199982,157.1399994,8095300
06/06/2012,158.8999939,159.1999969,156.5899963,157.2100067,15771600
07/06/2012,157.8200073,157.8399963,153.1900024,154.5,18921600
08/06/2012,153.0200043,154.8300018,153,154.7299957,11074800
11/06/2012,154.8300018,155.3999939,153.5500031,155.3600006,9166600
12/06/2012,155.4900055,157.0399933,155.4499969,156.4600067,13241100
13/06/2012,157.6100006,157.6499939,156.4199982,157.1199951,10109800
14/06/2012,157.6399994,157.9400024,156.2400055,157.75,11502400
15/06/2012,157.75,158.4600067,157.4199982,157.8399963,13099300
18/06/2012,157.4600067,158.2100067,156.5399933,157.9299927,6733000
19/06/2012,158,158.1399994,156.9700012,157.1600037,6945900
20/06/2012,156,157.3699951,154.2599945,155.9700012,16970200
21/06/2012,153.7299957,154.2299957,151.8000031,152.0200043,14447500
22/06/2012,152.0399933,152.6999969,151.2100067,152.6399994,6755200
25/06/2012,152.5800018,154.1600037,152.25,153.7599945,6183600
26/06/2012,153.0299988,153.3000031,152.1300049,152.6199951,6123400
27/06/2012,153.3000031,153.4499969,152.1499939,152.8300018,4840700
28/06/2012,151.8999939,152.1600037,150.1499939,151.0500031,8755600
29/06/2012,155.1300049,155.9499969,154.5200043,155.1900024,10378200
02/07/2012,154.6699982,155.5500031,154.3399963,155.0899963,3654200
03/07/2012,156.9700012,157.7200012,156.7700043,157.4600067,5037700
05/07/2012,155.4400024,156.3999939,154.4499969,155.6799927,5359900
06/07/2012,154.2299957,154.4900055,152.9499969,153.7100067,7045700
09/07/2012,153.6100006,154.5800018,153.4299927,154.0399933,4468500
10/07/2012,155.1300049,155.1799927,151.7799988,152.1499939,9747900
11/07/2012,152.5800018,153.4499969,152.0200043,152.9900055,6838500
12/07/2012,151.2599945,153.0700073,150.8500061,152.5899963,11394800
13/07/2012,153.4499969,154.9400024,153.4400024,154.1399994,5080300
16/07/2012,154.4299927,154.75,153.9799957,154.2100067,5710900
17/07/2012,154.0099945,154.5,152.4499969,153.4700012,13021800
18/07/2012,152.6699982,153.6000061,152.3999939,153.0500031,6807600
19/07/2012,153.7299957,154.3200073,152.9299927,153.3800049,6070000
20/07/2012,152.9700012,154,152.75,153.6699982,8583800
23/07/2012,152.5,153.3300018,152.2899933,153.0299988,5256700
24/07/2012,153.6300049,153.8000031,152.1999969,153.5200043,6538900
25/07/2012,155.3300018,156.2899933,155.0500031,155.6699982,9355900
26/07/2012,156.6999969,157.2599945,156.0500031,156.7700043,7343500
27/07/2012,157.6399994,157.9600067,156.6600037,157.5399933,9772600
30/07/2012,156.8399963,157.6600037,154.8099976,157.4299927,7212100
31/07/2012,157.6000061,157.7200012,156.2599945,156.4900055,10919700
01/08/2012,155.1799927,155.7899933,154.4100037,155.1399994,12714500
02/08/2012,154.6600037,155.1399994,153.6100006,154.1300049,11538800
03/08/2012,154.6499939,155.8899994,154.4199982,155.5500031,10670700
06/08/2012,155.9199982,156.7299957,155.7400055,156.3000031,4610800
07/08/2012,156.3699951,156.6300049,156.0099945,156.2799988,5923300
08/08/2012,156.4900055,156.8600006,156.2599945,156.4799957,3620500
09/08/2012,156.3600006,157,156.2799988,156.9900055,3177800
10/08/2012,156.8999939,157.8200073,156.6499939,157.1799927,4608000
13/08/2012,157.0500031,157.4499969,155.8999939,155.9900055,4573300
14/08/2012,155.0599976,155.5800018,154.8300018,155.1300049,5075200
15/08/2012,155.3200073,155.8200073,155.2700043,155.6300049,4993900
16/08/2012,155.8500061,157.0899963,155.5,156.5599976,8838300
17/08/2012,157.0599976,157.0700073,156.2200012,156.7200012,7812100
20/08/2012,156.5200043,157.3999939,156.4700012,157.2599945,7846200
21/08/2012,158.8099976,159.1999969,158.6900024,158.8300018,11833100
22/08/2012,159.1900024,160.6300049,158.5099945,160.5399933,13605900
23/08/2012,161.4100037,162.4499969,161.2299957,161.8899994,17237600
24/08/2012,161.8699951,162.3500061,161.3300018,161.9700012,8497200
27/08/2012,161.7700043,162.2899933,161.3399963,161.3600006,5380200
28/08/2012,161.6300049,162.1900024,161.3000031,161.6399994,5074200
29/08/2012,161.6000061,161.6799927,160.1799927,160.5899963,9287700
30/08/2012,161.2599945,161.3099976,160.0099945,160.5200043,5813700
31/08/2012,161.1399994,164.2200012,159.5599976,164.2200012,18024200
04/09/2012,164.1100006,164.7700043,163.6600037,164.4799957,12034800
05/09/2012,164.1199951,164.3899994,163.8099976,164.3099976,8401900
06/09/2012,165.1600037,165.7799988,164.8000031,164.8899994,12961100
07/09/2012,167.7700043,169,167.3699951,168.4400024,19138600
10/09/2012,167.8399963,168.1399994,167.2299957,167.2899933,7760600
11/09/2012,168.2200012,168.5299988,167.7899933,167.8999939,7522900
12/09/2012,168.8399963,168.8699951,167.25,167.9199982,9945400
13/09/2012,167.8699951,171.9100037,166.3000031,171.3099976,28336900
14/09/2012,171.8899994,172.2299957,171.3099976,171.8000031,16847500
17/09/2012,171.7700043,171.9600067,170.0599976,170.3999939,11281600
18/09/2012,170.8099976,171.9499969,170.6699982,171.7200012,12486600
19/09/2012,171.8800049,172.0299988,171.1900024,171.7400055,9125800
20/09/2012,171.0299988,171.6900024,170.2299957,171.4700012,8703000
21/09/2012,172.9299927,173.1799927,171.5399933,171.9600067,13361300
24/09/2012,170.6300049,171.3899994,170.5700073,171.0500031,9177900
25/09/2012,171.7599945,172.1100006,170.5,170.7700043,10365300
26/09/2012,169.4600067,170.0500031,168.3399963,169.8099976,12064800
27/09/2012,171.0200043,172.6000061,170.7599945,172.3399963,10539500
28/09/2012,172.0299988,172.4799957,171.3399963,171.8899994,9681200
01/10/2012,172.8300018,173.6199951,171.7700043,172.2899933,10676400
02/10/2012,172.4700012,172.6999969,171.5899963,172.1000061,7053900
03/10/2012,172.5099945,172.6100006,171.8899994,172.4100037,5647600
04/10/2012,173.1999969,174.0700073,172.9199982,173.6100006,10376800
05/10/2012,172.8699951,173.3699951,172.0099945,172.6199951,8871000
08/10/2012,171.75,172.2799988,171.6799927,172.0500031,3749300
09/10/2012,171.8600006,172.1699982,170.5599976,170.9900055,7750700
10/10/2012,170.5399933,171.3399963,170.3000031,170.8399963,7361300
11/10/2012,171.3000031,171.9499969,171.1300049,171.3200073,5714900
12/10/2012,171.1499939,171.4100037,169.8099976,170.0599976,8266000
15/10/2012,169.0099945,169.1000061,167.5299988,168.3500061,10704900
16/10/2012,168.8699951,169.4499969,168.6699982,169.4199982,6204000
17/10/2012,169.2100067,169.9499969,168.9199982,169.5399933,5203400
18/10/2012,168.8000031,169.3099976,168.5899963,168.7899933,6607100
19/10/2012,168.4199982,168.4499969,166.2299957,166.9700012,13860400
22/10/2012,167.0800018,167.6300049,167.0299988,167.5800018,6366200
23/10/2012,166.0399933,166.0599976,165.1199951,165.4299927,11892500
24/10/2012,165.7799988,165.8300018,164.6000061,164.8600006,10794600
25/10/2012,166.2899933,166.5299988,165.7700043,166.0200043,7013800
26/10/2012,166.2299957,166.6000061,165.7700043,165.9299927,6441300
31/10/2012,166.4700012,167.2799988,166.3800049,166.8300018,4681500
01/11/2012,167.0200043,167.0399933,166.0399933,166.0700073,6018000
02/11/2012,164.4499969,164.4700012,162.3000031,162.6000061,14763100
05/11/2012,163.1199951,163.4199982,162.8099976,163.2299957,6156200
06/11/2012,163.9100037,166.7700043,163.6100006,166.3000031,16051800
07/11/2012,166.8699951,167.1300049,165.0399933,166.4900055,13195200
08/11/2012,166.1399994,168.1600037,166.1199951,167.9900055,8829000
09/11/2012,168.2100067,168.5399933,167.5500031,167.8200073,7361000
12/11/2012,168.1000061,168.2799988,167.2100067,167.4499969,5647600
13/11/2012,166.6600037,167.9400024,166.6300049,167.1000061,6463300
14/11/2012,167.4600067,168.0399933,166.7799988,167.1399994,8510500
15/11/2012,167,167.0500031,165.1799927,166.0899963,10023200
16/11/2012,165.7400055,166.3600006,165.4700012,165.8800049,6944000
19/11/2012,167.75,168.1600037,167.3800049,167.8699951,6764500
20/11/2012,167.75,168.0200043,166.8399963,167.3899994,5496100
21/11/2012,167.1900024,167.8200073,166.9700012,167.5599976,3810700
23/11/2012,167.9700012,170.0099945,167.8000031,169.6100006,6110100
26/11/2012,169.5599976,169.7299957,169.25,169.4299927,5377700
27/11/2012,169.1399994,169.3999939,168.6199951,168.7100067,7314400
28/11/2012,165.4299927,166.8399963,165.3800049,166.5500031,12880100
29/11/2012,167.1399994,167.5,166.8500061,167.1799927,7446800
30/11/2012,166.9400024,167.2200012,165.5299988,166.0500031,8412300
03/12/2012,166.1100006,166.9199982,166.0399933,166.1300049,6363400
04/12/2012,164.0599976,164.8300018,163.8699951,164.4199982,10208900
05/12/2012,164.2200012,164.5,163.1999969,164.1199951,10646800
06/12/2012,163.7200012,165,163.5299988,164.5,7301600
07/12/2012,164.8800049,165.2200012,164.6000061,165.1600037,7289500
10/12/2012,166.1100006,166.1600037,165.7100067,165.8000031,4646600
11/12/2012,165.4499969,165.6600037,165.1199951,165.6499939,4724000
12/12/2012,166.1999969,166.9400024,165.3600006,165.7700043,14164700
13/12/2012,163.8699951,164.8999939,163.7799988,164.3699951,9332800
14/12/2012,164.1699982,164.4799957,164.0200043,164.1300049,5351700
17/12/2012,164.1600037,164.6199951,164.1300049,164.4400024,8173300
18/12/2012,164.3500061,164.4299927,160.8999939,162.0800018,23995000
19/12/2012,161.3099976,162.2200012,161.1100006,161.6900024,12991600
20/12/2012,159.8699951,160.1199951,158.3899994,159.7299957,25148400
21/12/2012,159.8200073,160.7599945,159.7799988,160.3300018,13445400
24/12/2012,160.8800049,160.9600067,160.4700012,160.6199951,3699400
26/12/2012,161.3600006,161.4900055,160.6399994,160.7799988,4961800
27/12/2012,160.2299957,161.3099976,160.0500031,161.1600037,8937700
28/12/2012,160.9400024,160.9700012,160.1499939,160.5399933,6852900
31/12/2012,160.8999939,162.75,160.7700043,162.0200043,11786200
02/01/2013,163.4900055,164.1399994,163.1399994,163.1699982,10431800
03/01/2013,162.4799957,162.8800049,160.8300018,161.1999969,16117500
04/01/2013,159.5200043,160.6300049,158.8899994,160.4400024,19179800
07/01/2013,159.3600006,159.9600067,159.1499939,159.4299927,9361800
08/01/2013,160.4600067,160.9900055,160.0099945,160.5599976,7694800
09/01/2013,160.7700043,160.8300018,159.8999939,160.4900055,8334200
10/01/2013,161.6100006,162.5599976,161.6100006,161.9799957,11432600
11/01/2013,161.8600006,161.8999939,160.1100006,161.0599976,13675600
14/01/2013,161.8800049,161.9700012,161.1300049,161.5399933,7289000
15/01/2013,162.8000031,163.1699982,162.3500061,162.5599976,10077800
16/01/2013,162.4199982,163.0299988,162.1499939,162.6499939,9214700
17/01/2013,161.9400024,164.3999939,161.8300018,163.3500061,14911400
18/01/2013,163.9499969,163.9700012,163.0200043,163.0899963,10038100
22/01/2013,163.4799957,164.2200012,163.3699951,163.6699982,8587900
23/01/2013,163.9199982,163.9499969,163,163.2100067,6697000
24/01/2013,161.9799957,162.2700043,161.1799927,161.4199982,13188300
25/01/2013,160.5599976,161.0399933,160.3099976,160.6499939,9037400
28/01/2013,160.2400055,160.7299957,160.0200043,160.2899933,8491600
29/01/2013,161.0099945,161.3099976,160.6900024,160.9900055,7364900
30/01/2013,162.6799927,163.0399933,162.0299988,162.1900024,12010000
31/01/2013,161.6199951,161.8099976,160.4700012,161.1999969,9334000
01/02/2013,162.6600037,162.7700043,160.8699951,161.4499969,12904300
04/02/2013,161.1900024,162.4199982,161.1499939,162,7354900
05/02/2013,162.75,162.7899933,161.3300018,161.9600067,8979400
06/02/2013,162.1300049,162.6300049,161.9900055,162.3899994,6138700
07/02/2013,161.2400055,162.9600067,161.1300049,161.8399963,12827200
08/02/2013,161.4600067,162.0200043,161.1999969,161.5700073,6085900
11/02/2013,159.7799988,159.9799957,159.25,159.6999969,12083500
12/02/2013,159.3500061,160.0500031,158.8800049,159.8899994,7632300
13/02/2013,159.6000061,159.6399994,158.7700043,159.0500031,8961300
14/02/2013,159.3099976,159.6499939,158.0399933,158.3500061,12410200
15/02/2013,156.4199982,156.5800018,154.5599976,155.7599945,23374100
19/02/2013,155.8000031,155.8399963,154.9299927,155.3300018,11803900
20/02/2013,153.8999939,153.9299927,150.8399963,151.4400024,30924000
21/02/2013,152,153.4100037,151.8999939,152.6199951,17964800
22/02/2013,152.2599945,152.9900055,151.9299927,152.9700012,10093200
25/02/2013,153.5200043,154.5599976,153.3099976,154.3399963,9488200
26/02/2013,154.3899994,156.8000031,153.3200073,156.2200012,18182300
27/02/2013,155.4600067,155.6000061,154.0800018,154.5700073,9596100
28/02/2013,154.0899963,154.1600037,152.3899994,153,14864400
01/03/2013,153.1600037,153.6100006,152.1399994,152.4400024,11178800
04/03/2013,152.4499969,152.7400055,151.8699951,152.3000031,6643800
05/03/2013,153.1000061,153.3899994,152.1100006,152.3800049,10804200
06/03/2013,152.1699982,153.3800049,151.6499939,153.2299957,10856000
07/03/2013,153.0200043,153.2100067,152.3999939,152.6900024,6586700
08/03/2013,151.6100006,153.2899933,151.3999939,152.7100067,11859500
11/03/2013,152.8200073,153.0599976,152.6499939,152.9900055,4810700
12/03/2013,154.0700073,154.6900024,153.8999939,154.1900024,7265700
13/03/2013,154.2599945,154.6000061,153.4199982,153.6600037,7436400
14/03/2013,153.0200043,154.1699982,153.0099945,153.6799927,11410400
15/03/2013,154.1199951,154.7200012,153.9700012,154,5701300
18/03/2013,155.6999969,155.9299927,155,155.3800049,9302400
19/03/2013,155.2200012,156.3399963,155.1000061,156.0800018,11023400
20/03/2013,155.5299988,155.8300018,154.8800049,155.3699951,8221500
21/03/2013,156.1699982,156.4299927,155.8800049,156.25,4992000
22/03/2013,155.4499969,155.9900055,155.4199982,155.5500031,4746300
25/03/2013,154.7100067,155.5700073,154.3600006,155.2400055,6819100
26/03/2013,154.4700012,154.9100037,154.2799988,154.7200012,7388700
27/03/2013,154.6699982,155.6199951,154.5099945,155.3600006,6717000
28/03/2013,154.5,154.8000031,154.2200012,154.4499969,6851200
01/04/2013,154.5700073,154.9299927,154.3000031,154.6699982,4288100
02/04/2013,153.0899963,153.3099976,152.2599945,152.4299927,9398300
03/04/2013,152.0200043,152.5299988,149.9199982,150.7299957,15740800
04/04/2013,149.6499939,150.6000061,149.4400024,150.2899933,12429000
05/04/2013,151.5399933,152.9600067,151.0700073,152.8099976,14491800
08/04/2013,152.3899994,152.5899963,151.6000061,152.1600037,6246000
09/04/2013,152.3200073,153.8500061,152.2799988,153.3399963,7042200
10/04/2013,152.6699982,152.7100067,150.5800018,150.75,18507400
11/04/2013,150.7599945,151.7100067,150.6300049,151.0500031,8063200
12/04/2013,148.6499939,148.8500061,143.4299927,143.9499969,55601800
15/04/2013,136,136.75,130.5099945,131.3099976,93804200
16/04/2013,134.8999939,135.1100006,131.7599945,132.8000031,45650800
17/04/2013,133.8099976,134.9499969,132.3200073,132.8699951,25444100
18/04/2013,134.1199951,135.3099976,133.6199951,134.3000031,20040500
19/04/2013,136,136.0200043,134.6000061,135.4700012,15659300
22/04/2013,138.1499939,138.2700043,137.2200012,137.8999939,16568500
23/04/2013,137.2200012,137.2400055,135.8500061,136.8800049,14644900
24/04/2013,138.0899963,138.5500031,137.4499969,138.3699951,10369300
25/04/2013,140,142.0800018,139.7899933,141.6300049,18886900
26/04/2013,142.3000031,143.4299927,140.0399933,140.9100037,19307800
29/04/2013,142.1300049,142.6600037,141.4900055,142.3000031,11004500
30/04/2013,142.2700043,142.8300018,141.5500031,142.7700043,11284400
01/05/2013,140.5899963,141.5500031,139.3000031,141.1100006,13931100
02/05/2013,142,142.4700012,141.6399994,141.9199982,11502200
03/05/2013,141.6999969,142.7100067,141.3999939,142.0899963,11667100
06/05/2013,142.3300018,142.4600067,141.6300049,142.1499939,7730300
07/05/2013,140.3800049,140.6399994,139.3699951,140.3800049,13627400
08/05/2013,141.7799988,142.8099976,141.4900055,142.4600067,11161100
09/05/2013,141.3300018,142.3600006,140.5099945,140.8099976,8263000
10/05/2013,138.2200012,139.75,137.2599945,139.6000061,14650600
13/05/2013,138.4600067,138.9700012,138.1600037,138.4299927,6714100
14/05/2013,137.9499969,139.1600037,137.6399994,137.8099976,9895700
15/05/2013,136.5899963,136.9799957,134.2299957,134.6300049,19062400
16/05/2013,133.1799927,134.4799957,133,134.0899963,12759200
17/05/2013,133.1699982,133.4799957,131.0200043,131.0700073,20346500
20/05/2013,130.8800049,135.3200073,130.8500061,135.1199951,21594000
21/05/2013,132.1699982,133.6499939,131.4499969,132.8800049,14542500
22/05/2013,134.1799927,136.7700043,130.9499969,131.9400024,25975200
23/05/2013,134.5099945,134.8399963,133.1199951,134.6100006,10267600
24/05/2013,134.1100006,134.5099945,133.6399994,133.7599945,5522600
28/05/2013,133.6799927,135.5700073,132.8000031,133.4900055,12466400
29/05/2013,134.0899963,134.9100037,133.6399994,134.8300018,8762200
30/05/2013,136.6699982,137.1100006,136.2599945,136.6999969,8611700
31/05/2013,135.7100067,136.0500031,133.8899994,133.9199982,9726600
03/06/2013,134.7700043,136.9799957,134.4299927,136.5099945,9173000
04/06/2013,135.2100067,135.4400024,134.2700043,135.2299957,5505200
05/06/2013,135.4700012,136.3699951,135.0099945,135.5200043,7444900
06/06/2013,135.3899994,137.6199951,134.9799957,136.5299988,9847700
07/06/2013,134.1100006,134.6199951,133.1799927,133.2799988,11054400
10/06/2013,133.3000031,134.2799988,132.9900055,133.9400024,6142800
11/06/2013,132.3099976,133.5099945,132.2400055,133.25,7199300
12/06/2013,132.9499969,134.8300018,132.8300018,134.25,6550600
13/06/2013,133.3099976,134.1999969,132.8200073,133.7400055,7161800
14/06/2013,134,134.6000061,133.8800049,134.4299927,4278700
17/06/2013,133.8899994,134.0599976,133.5200043,133.7700043,4072300
18/06/2013,132.7200012,132.9600067,131.5299988,132.1300049,7379300
19/06/2013,132.5800018,133.1499939,130.3800049,130.5899963,13017800
20/06/2013,125.2200012,126.3799973,123.3300018,123.5999985,28872100
21/06/2013,125.1600037,125.5699997,124.4599991,125.0500031,16600000
24/06/2013,124.3099976,124.6999969,123.3099976,123.9300003,12749300
25/06/2013,123.6500015,123.9000015,122.8799973,123.4700012,9369200
26/06/2013,119.8799973,119.9000015,118.0599976,118.2799988,24748800
27/06/2013,119.0999985,119.5100021,115.6500015,115.9400024,30001900
28/06/2013,115.2200012,119.3300018,114.6800003,119.1100006,32981900
01/07/2013,119.9400024,121.9499969,119.3799973,121.1299973,15945200
02/07/2013,121.3399963,121.4700012,119.7799988,120.0500031,10550300
03/07/2013,120.6999969,121.7699966,120.5400009,120.7399979,6750300
05/07/2013,118.0800018,118.1800003,116.7399979,118.0899963,11592500
08/07/2013,119.0899963,119.6600037,118.9300003,119.5100021,8652200
09/07/2013,120.8399963,121.5100021,120.0500031,120.6200027,8201400
10/07/2013,121.1500015,122.3499985,120.5899963,120.9499969,14697100
11/07/2013,124.2600021,124.3600006,123.4700012,124.2399979,11279400
12/07/2013,123.5199966,124.3000031,123.3199997,124.1299973,6583800
15/07/2013,124.0800018,124.3899994,123.8399963,124.1800003,4133200
16/07/2013,124.7600021,125.2099991,124.3300018,124.8899994,5577300
17/07/2013,125.0400009,125.6999969,122.7300034,123.3199997,10882400
18/07/2013,124.1100006,124.5199966,123.7799988,124.0100021,6150900
19/07/2013,124.8899994,125.4199982,124.6500015,125.1100006,5767800
22/07/2013,127.6500015,129.4600067,127.5899963,128.8399963,10851900
23/07/2013,128.6999969,130.1399994,128.3500061,129.7100067,8820100
24/07/2013,129.1699982,129.3999939,126.8700027,127.4800034,9979100
25/07/2013,127.6999969,128.8699951,127.6399994,128.6699982,4702400
26/07/2013,128.1100006,128.9700012,126.7799988,128.7799988,6148500
29/07/2013,128.4499969,128.7799988,128.25,128.4700012,3554100
30/07/2013,127.9499969,128.3099976,127.2200012,128.1199951,4487700
31/07/2013,127.7600021,128.9199982,126.1299973,127.9599991,16015300
01/08/2013,127.8399963,127.8899994,126.3300018,126.6100006,10564300
02/08/2013,126.7399979,127.25,126.3199997,126.3600006,6466300
05/08/2013,126.5100021,126.6399994,125.3399963,125.6999969,4003900
06/08/2013,124.3300018,124.5500031,123.5500031,123.9700012,6016200
07/08/2013,124,124.5999985,123.8499985,124.1500015,5304700
08/08/2013,124.7799988,126.9899979,124.7699966,126.8600006,8653600
09/08/2013,126.5100021,127.2699966,126.3000031,126.8600006,6192000
12/08/2013,129.5700073,129.7100067,128.8800049,129.1300049,7414300
13/08/2013,128.4900055,128.6499939,127.3799973,127.7399979,7336100
14/08/2013,127.6600037,129.0700073,127.5699997,129,8713200
15/08/2013,128.0599976,132.3600006,127.9800034,131.6900024,17226300
16/08/2013,132.5599976,133.2700043,131.3899994,132.5800018,14447100
19/08/2013,132.3300018,132.5,131.5899963,132.0099945,8118400
20/08/2013,132.0299988,133.1300049,132.0200043,132.4499969,7809100
21/08/2013,131.7400055,133.2299957,131.5099945,132.0700073,10720200
22/08/2013,132.5599976,133.4600067,132.2700043,132.8099976,5741800
23/08/2013,132.5800018,135.2400055,132.5,134.8999939,11623400
26/08/2013,134.8800049,135.6000061,134.1499939,135.4499969,7692100
27/08/2013,136.9400024,137.5500031,136.5200043,136.75,11283300
28/08/2013,137.2100067,137.4600067,136.6600037,136.7100067,13650400
29/08/2013,136.1199951,136.5500031,135.4199982,135.8699951,7939400
30/08/2013,134.6499939,135.7100067,134.4400024,134.6199951,7680000
03/09/2013,135.4600067,136.7899933,135.0299988,136.4199982,8100700
04/09/2013,134.6100006,134.8399963,133.7200012,134.6600037,7785400
05/09/2013,134.1300049,134.3500061,131.8000031,132.1999969,11118600
06/09/2013,133.4199982,134.3999939,133.3300018,134.1499939,8448700
09/09/2013,134.1300049,134.3200073,133.6699982,133.9100037,5090500
10/09/2013,131.8200073,132,131.1100006,131.7400055,8433100
11/09/2013,131.5800018,131.8099976,131.2599945,131.6999969,5046600
12/09/2013,128.6199951,128.7799988,127.6100006,127.6699982,12944000
13/09/2013,127.1600037,127.9599991,126.2099991,127.8199997,12060400
16/09/2013,127.4800034,128.0200043,126.3300018,126.4499969,9829100
17/09/2013,126.8099976,126.9899979,126.1100006,126.5,8135500
18/09/2013,125.3199997,132.1600037,125.1500015,132.0099945,24780000
19/09/2013,132,132.7799988,131.2200012,131.75,14353900
20/09/2013,130.6000061,130.9100037,127.9000015,127.9599991,19558200
23/09/2013,127.5199966,128.4400024,127.3300018,127.5500031,7421800
24/09/2013,126.4000015,128.2100067,126.3399963,127.6600037,7349700
25/09/2013,127.5699997,129.2100067,127.5199966,128.7899933,7519100
26/09/2013,128.6100006,128.9900055,127.3199997,127.7900009,9491300
27/09/2013,128.8600006,129.5800018,128.8399963,128.9700012,7430200
30/09/2013,127.9499969,129.1399994,127.6999969,128.1799927,8979000
01/10/2013,125.25,125.2600021,123.8099976,124.5899963,16721100
02/10/2013,125.3700027,127.8099976,125.3399963,127.0599976,11994200
03/10/2013,126.7699966,127.6900024,126.2200012,127.1800003,11632900
04/10/2013,127.0500031,127.1500015,126,126.5299988,6923700
07/10/2013,127.25,128.3300018,127.1200027,127.6399994,6732800
08/10/2013,127.7900009,128.4499969,127.2099991,127.4000015,6999700
09/10/2013,126.2099991,126.8899994,124.9700012,126.1100006,10705100
10/10/2013,125.3399963,125.8300018,124.0999985,124.2699966,10523600
11/10/2013,122.3700027,122.8099976,121.8499985,122.5999985,15972600
14/10/2013,123.9000015,124.2399979,122.8099976,122.8300018,6118200
15/10/2013,122.2799988,124.3600006,122.2200012,123.7300034,8384200
16/10/2013,123.5199966,123.8899994,122.5100021,123.5400009,8523400
17/10/2013,127.0100021,127.8600006,126.8099976,127.4199982,11785100
18/10/2013,126.8700027,127.3300018,126.5999985,126.8499985,5350500
21/10/2013,127.1299973,127.3399963,126.7900009,126.9800034,3395200
22/10/2013,128.25,129.8099976,128.2200012,129.3399963,8849000
23/10/2013,128.5500031,129.0899963,128.3500061,128.6900024,5092200
24/10/2013,129.4100037,130.5299988,129.4100037,129.8999939,10221400
25/10/2013,129.5299988,130.9199982,129.4600067,130.4600067,8767900
28/10/2013,130.4100037,131.4400024,130.1000061,130.5599976,6807800
29/10/2013,130.1600037,130.5899963,129.5700073,129.7700043,5328500
30/10/2013,130.8300018,131.2200012,128.8099976,129.6000061,8896000
31/10/2013,128.0399933,128.4900055,127.3000031,127.7399979,7753300
01/11/2013,126.8600006,127.1699982,126.0500031,126.9499969,9566200
04/11/2013,127.1800003,127.5199966,126.7399979,126.8099976,3819300
05/11/2013,126.7099991,126.8600006,126,126.5599976,4941200
06/11/2013,127.1100006,127.3600006,126.9199982,127.1999969,3544900
07/11/2013,126.1399994,126.8499985,125.8600006,126.1600037,7700100
08/11/2013,124.4599991,124.4599991,123.6200027,124.2799988,8427300
11/11/2013,123.9199982,123.9700012,123.6600037,123.8700027,3277700
12/11/2013,123.5100021,123.8700027,121.7300034,122.4499969,7705600
13/11/2013,122.9700012,123.2399979,122.3899994,122.8499985,5967000
14/11/2013,123.9199982,124.9100037,123.8799973,124.2699966,7669700
15/11/2013,124.1600037,124.5199966,124.0699997,124.3199997,4660700
18/11/2013,123.6999969,123.9599991,122.5500031,122.9000015,6241300
19/11/2013,122.9700012,123.4000015,122.8300018,122.9499969,3666500
20/11/2013,121.6699982,122.4400024,119.7600021,120.1200027,14281000
21/11/2013,119.8099976,120.3499985,119.3099976,119.9400024,7557500
22/11/2013,120.2399979,120.4000015,119.8199997,119.9199982,6774400
25/11/2013,119.1800003,121,119.1299973,120.4599991,7266300
26/11/2013,119.8399963,120.4000015,119.5899963,119.8199997,9053300
27/11/2013,120.4899979,120.6900024,119.25,119.4599991,6144600
29/11/2013,120.6699982,121.0500031,120.6200027,120.6999969,2364700
02/12/2013,119.1999969,119.2900009,117.5,117.5800018,10297100
03/12/2013,117.5800018,118.3099976,117.2300034,117.9599991,7004800
04/12/2013,118.3300018,120.7600021,118.1600037,119.9599991,9110700
05/12/2013,118.1999969,119.2399979,117.4100037,118.3000031,10254700
06/12/2013,118.8600006,119.2600021,118.0100021,118.5500031,7909500
09/12/2013,118.9899979,119.9199982,118.9499969,119.7200012,5510400
10/12/2013,122.1399994,122.3199997,121.4700012,121.8199997,9155600
11/12/2013,121.4899979,121.8099976,120.7600021,120.8600006,9934900
12/12/2013,118.6100006,118.8199997,118.0299988,118.2900009,8810800
13/12/2013,118.8899994,119.4899979,118.7600021,119.3799973,6482100
16/12/2013,119.2600021,120.7699966,118.9700012,119.6900024,8189500
17/12/2013,118.9599991,119.9000015,118.3700027,118.6500015,8589100
18/12/2013,119,120.0500031,117.2900009,117.6100006,16265000
19/12/2013,115.9700012,116.0599976,114.5,114.8199997,15955400
20/12/2013,115.3700027,116.4700012,115.0599976,115.9400024,14693700
23/12/2013,115.6100006,116.1200027,115.4300003,115.5699997,6237300
24/12/2013,115.7900009,116.2900009,115.7099991,116.0999985,3353900
26/12/2013,117.2300034,117.2300034,116.6500015,116.7399979,3868400
27/12/2013,117.3099976,117.3799973,116.8499985,117.1200027,4206200
30/12/2013,116.3700027,116.4000015,115.1800003,115.3899994,6703200
31/12/2013,114.6100006,117.1299973,114.4599991,116.1200027,12835900
02/01/2014,117.9300003,118.7300034,117.75,118,7551000
03/01/2014,118.6399994,119.6200027,118.5899963,119.2900009,5874400
06/01/2014,119.7600021,120.3899994,117.1100006,119.5,10106500
07/01/2014,118.4599991,118.9199982,118.1299973,118.8199997,6433700
08/01/2014,117.9899979,118.5199966,117.5,118.1200027,7428500
09/01/2014,118.1100006,118.6900024,117.9899979,118.4599991,3972800
10/01/2014,119.7200012,120.4300003,119.5800018,120.2600021,7993200
13/01/2014,120.2699966,121.0400009,120.1999969,121.0199966,5872700
14/01/2014,120.5400009,121.0599976,119.7200012,119.8899994,7505400
15/01/2014,119.1900024,119.8099976,119.1100006,119.6600037,5474300
16/01/2014,119.8399963,119.9599991,119.5699997,119.7900009,3949500
17/01/2014,120.3499985,121.0199966,120.1999969,120.9300003,7923400
21/01/2014,119.2300034,119.9700012,119.2300034,119.6999969,6763500
22/01/2014,119.6500015,119.7699966,119.1699982,119.1900024,4891800
23/01/2014,120.9700012,122.0199966,120.9700012,121.7900009,11028200
24/01/2014,122.0599976,122.5,121.5500031,122.2900009,8515700
27/01/2014,121.6500015,122.0599976,120.7200012,120.9599991,7528600
28/01/2014,121.3199997,121.4000015,120.4100037,120.9499969,5149500
29/01/2014,122.1900024,122.5100021,121.1299973,122.4700012,12257500
30/01/2014,119.6699982,120.2200012,119.5999985,119.7699966,8746500
31/01/2014,120.6500015,120.8600006,119.4599991,120.0899963,7983100
03/02/2014,120.4700012,122.1100006,120.3199997,121.3199997,9267300
04/02/2014,120.4100037,121.0899963,120.3899994,120.9899979,7027400
05/02/2014,121.7600021,121.8799973,120.7300034,121.2900009,6800000
06/02/2014,121.3799973,121.5100021,120.7799988,121.2399979,4745800
07/02/2014,121.2399979,122.2399979,121.2300034,122.1699982,6674700
10/02/2014,122.8000031,123.1600037,122.7200012,122.9199982,7931200
11/02/2014,123.3799973,124.75,123.3600006,124.3600006,11546000
12/02/2014,124.4000015,124.9800034,124.1299973,124.4300003,6651900
13/02/2014,124.6999969,125.5999985,124.6600037,125.4899979,9167900
14/02/2014,126.9899979,127.3799973,126.75,127.1500015,11147900
18/02/2014,127.4199982,127.75,127.0899963,127.4000015,7685800
19/02/2014,127.2600021,127.4499969,126.1600037,126.2699966,9384100
20/02/2014,126.75,127.75,126.4000015,127.5999985,10572900
21/02/2014,127.5699997,128.0700073,127.1500015,127.5800018,7298200
24/02/2014,128.5099945,129.0700073,128.3399963,128.9900055,12114200
25/02/2014,128.6199951,129.5299988,128.5700073,129.2100067,5786000
26/02/2014,128.4900055,128.7599945,127.4199982,128.1100006,7052900
27/02/2014,128.3999939,128.8000031,127.8899994,128.1999969,5066500
28/02/2014,128.2700043,128.3500061,127.1500015,127.6200027,10584100
03/03/2014,130,130.5899963,129.8099976,130.2899933,11741100
04/03/2014,128.5399933,129.2400055,128.3200073,128.6799927,6341700
05/03/2014,128.7100067,129.3399963,128.5800018,128.8899994,4878500
06/03/2014,129.7100067,130.4700012,129.4700012,130.1699982,5408900
07/03/2014,128.25,129.2299957,128.2100067,129.0899963,7575000
10/03/2014,128.8800049,129.6100006,128.7799988,129.1300049,4169900
11/03/2014,130.0099945,130.1499939,128.9299927,129.8600006,7289800
12/03/2014,131.5599976,132.1199951,131.3899994,131.7599945,11094200
13/03/2014,131.6900024,132.5399933,131.5599976,132.2100067,8007700
14/03/2014,133.6799927,133.6900024,132.3500061,133.1000061,11939600
17/03/2014,132.7299957,133.2200012,131.2200012,131.6399994,14626800
18/03/2014,130.3899994,131.2700043,130.3300018,130.6199951,6424400
19/03/2014,129.5500031,129.6799927,127.9400024,128.0899963,12932900
20/03/2014,127.7799988,128.4100037,127.5800018,127.8600006,7690800
21/03/2014,129.0399933,129.0899963,128.4100037,128.4700012,7237300
24/03/2014,126.8700027,127.1399994,126.0299988,126.1800003,13076500
25/03/2014,126.4400024,126.8199997,126.2399979,126.4100037,6566900
26/03/2014,126.2699966,126.3799973,125.1299973,125.4100037,8575400
27/03/2014,125.0599976,125.2900009,124.2099991,124.5899963,7312300
28/03/2014,124.2300034,124.9599991,123.8799973,124.5599976,7253700
31/03/2014,124.5199966,124.7900009,123.5699997,123.6100006,12379200
01/04/2014,123.7099991,123.8499985,123.1100006,123.3899994,5992000
02/04/2014,124.4100037,124.75,124.1900024,124.3199997,4907800
03/04/2014,123.75,124.2600021,123.5899963,123.9199982,3658800
04/04/2014,125.1999969,125.9599991,124.8600006,125.5699997,7278400
07/04/2014,125.0699997,125.4700012,124.8399963,124.9100037,3967200
08/04/2014,126.3399963,126.3399963,125.9000015,126.0899963,6939100
09/04/2014,125.4599991,126.7200012,125.3300018,126.3199997,5305600
10/04/2014,126.9499969,127.3700027,126.8199997,127.0100021,5003200
11/04/2014,127.0400009,127.3099976,126.7300034,126.9300003,4697200
14/04/2014,127.8000031,128.25,127.6200027,127.8499985,6677400
15/04/2014,124.7900009,125.6999969,124.5999985,125.4899979,9967600
16/04/2014,125.3700027,125.5699997,125.0299988,125.5400009,4071300
17/04/2014,125.3799973,125.5299988,124.5699997,124.75,5901900
21/04/2014,124.0699997,124.3300018,123.7600021,124.2399979,6579200
22/04/2014,124.1500015,124.1600037,122.9199982,123.7799988,6898100
23/04/2014,123.6999969,123.9400024,123.3799973,123.7600021,3736600
24/04/2014,122.8700027,125.1200027,122.8399963,124.5599976,8754200
25/04/2014,125.1699982,125.7099991,125.0699997,125.4300003,7023700
28/04/2014,125.3000031,125.3399963,124.4499969,124.8799973,4897900
29/04/2014,124.9499969,125.3799973,124.6500015,124.8600006,5241600
30/04/2014,124.1900024,125.0500031,123.8199997,124.2200012,10352900
01/05/2014,123.1699982,123.8300018,123.0599976,123.8000031,6687300
02/05/2014,123.6900024,125.6699982,123.3300018,125.0599976,9912900
05/05/2014,126.4700012,126.6299973,126,126.2200012,5196500
06/05/2014,126.0199966,126.1100006,125.6299973,125.9800034,3488000
07/05/2014,125.5199966,125.5699997,123.9199982,124.1699982,8469900
08/05/2014,124.1900024,124.4700012,123.8899994,124.1699982,3695500
09/05/2014,124.3899994,124.4700012,123.8199997,124.0999985,3120000
12/05/2014,125.4000015,125.4199982,124.6900024,124.9400024,4025500
13/05/2014,124.7900009,125.0999985,124.5,124.5999985,2643500
14/05/2014,125.8000031,125.9599991,125.4400024,125.8099976,4015900
15/05/2014,124.7699966,125.5100021,124.5400009,124.7699966,5861100
16/05/2014,124.3499985,124.7699966,124.2900009,124.5,4052100
19/05/2014,125.2799988,125.4700012,124.4800034,124.5800018,3902600
20/05/2014,124.1200027,124.9100037,124.0899963,124.6900024,3770800
21/05/2014,124.25,124.5500031,123.5299988,124.3899994,6846500
22/05/2014,125.1399994,125.2399979,124.5400009,124.6699982,3458800
23/05/2014,124.5999985,124.6600037,124.1900024,124.5100021,2205900
27/05/2014,122.9800034,123.0699997,121.75,121.8499985,10895800
28/05/2014,121.4700012,121.6999969,120.9199982,121.1999969,6736800
29/05/2014,120.7799988,121.4599991,120.7699966,120.9400024,5551900
30/05/2014,120.7600021,120.8099976,119.6200027,120.4300003,8749600
02/06/2014,119.9300003,120.4599991,119.6100006,119.6999969,5916100
03/06/2014,119.7300034,120.0899963,119.4199982,120.0100021,5008300
04/06/2014,120.0999985,120.1600037,119.6800003,119.7600021,3859500
05/06/2014,120.5500031,120.8799973,120.4300003,120.6600037,4180400
06/06/2014,120.6800003,120.7699966,119.9400024,120.6100006,4807700
09/06/2014,120.7900009,120.8499985,120.5699997,120.6500015,2788000
10/06/2014,121.2900009,121.4700012,121.2099991,121.3899994,3556600
11/06/2014,121.5100021,121.6100006,121.1800003,121.4100037,3572300
12/06/2014,121.9199982,122.75,121.8300018,122.6399994,7388500
13/06/2014,122.5699997,123.0400009,122.5100021,122.9599991,4026600
16/06/2014,122.8799973,123.0100021,122.3000031,122.4199982,5832800
17/06/2014,121.8499985,122.5,121.8199997,122.2799988,4032800
18/06/2014,122.2200012,122.8000031,122.0899963,122.6699982,4601700
19/06/2014,124.3300018,127.2300034,124.3199997,126.9400024,24374800
20/06/2014,126.3199997,127.0699997,126.2099991,126.5,9954700
23/06/2014,126.6500015,126.9400024,126.3700027,126.8499985,5142800
24/06/2014,127.2200012,127.3199997,126.7300034,126.9800034,6350200
25/06/2014,126.7799988,127.5500031,126.6600037,126.9899979,6692300
26/06/2014,126.5299988,126.9199982,126.1999969,126.7300034,5529800
27/06/2014,126.8799973,127.1699982,126.6500015,126.6600037,4200300
30/06/2014,126.5299988,128.0399933,126.3700027,128.0399933,18123400
01/07/2014,127.9899979,128.1199951,127.4899979,127.6999969,8145900
02/07/2014,127.7600021,128.2400055,127.6399994,127.6999969,5738900
03/07/2014,126.7900009,127.2900009,126.6100006,127.1600037,4922500
07/07/2014,126.6299973,127.0299988,126.2300034,127.0199966,4630200
08/07/2014,127.2900009,127.5299988,126.4300003,127.0699997,6216600
09/07/2014,127.5400009,128.2599945,127.1800003,127.8399963,8362700
10/07/2014,129.1100006,129.2100067,128.4900055,128.5399933,6313300
11/07/2014,128.4100037,128.8300018,128.3800049,128.7799988,4322100
14/07/2014,125.5,126.0999985,125.4499969,125.7200012,11465500
15/07/2014,125.8899994,126.3199997,124.3600006,124.5299988,10541700
16/07/2014,125.0199966,125.4700012,124.7799988,124.9700012,4099800
17/07/2014,125.5199966,127.5500031,125.1100006,127.0899963,11423900
18/07/2014,125.7900009,126.2099991,125.6699982,126.1299973,6460900
21/07/2014,126.5299988,126.5500031,126.1100006,126.3399963,3296300
22/07/2014,126.3300018,126.4300003,125.4700012,125.7399979,3882000
23/07/2014,125.7200012,126.0400009,125.4000015,125.6200027,3041400
24/07/2014,124.8499985,124.8700027,123.9000015,124.3499985,8111600
25/07/2014,124.4800034,125.9300003,124.4300003,125.7900009,5638800
28/07/2014,125.4400024,125.6699982,125.3000031,125.5800018,3212900
29/07/2014,125.7900009,125.8799973,124.7200012,125.1999969,5267700
30/07/2014,124.8899994,124.9300003,124.4100037,124.8300018,5614800
31/07/2014,123.8499985,124.0699997,123.2300034,123.3899994,9896500
01/08/2014,124.5400009,124.8099976,124.2300034,124.3799973,7397000
04/08/2014,124.3600006,124.4700012,123.7300034,123.9899979,6499400
05/08/2014,123.7399979,124.5199966,123.4000015,123.8700027,8342500
06/08/2014,125.7099991,126,125.5199966,125.6699982,9327800
07/08/2014,125.4700012,126.5100021,125.3700027,126.1800003,7298900
08/08/2014,126.0800018,126.4100037,125.8899994,126.1900024,5728200
11/08/2014,125.8399963,126.0400009,125.6399994,125.9599991,3163500
12/08/2014,126.4199982,126.8099976,125.8700027,125.9899979,4609700
13/08/2014,126.3499985,126.5299988,125.9000015,126.1999969,3967500
14/08/2014,126.2399979,126.5299988,126.1299973,126.3099976,3348500
15/08/2014,124.5199966,126.0699997,124.4100037,125.4800034,13070500
18/08/2014,124.7799988,125.0800018,124.6500015,124.9599991,4952500
19/08/2014,125,125,124.4800034,124.6800003,4878400
20/08/2014,124.8199997,124.8199997,123.8799973,124.2200012,4395600
21/08/2014,122.7200012,123.2399979,122.4499969,122.8799973,8008800
22/08/2014,123.0899963,123.3300018,122.5699997,123.1900024,4739200
25/08/2014,122.9199982,123.0400009,122.7200012,122.7399979,5012400
26/08/2014,123.9199982,123.9700012,123.2799988,123.3499985,3882300
27/08/2014,123.5999985,123.7099991,123.25,123.3199997,2576800
28/08/2014,124.1500015,124.3300018,123.8099976,124,3296700
29/08/2014,123.75,124.2200012,123.6200027,123.8600006,3683500
02/09/2014,121.9700012,122.0800018,121.4300003,121.6500015,10128600
03/09/2014,121.6999969,122.1999969,121.6600037,122.1500015,3414600
04/09/2014,122.4800034,122.6600037,121.25,121.4800034,7310600
05/09/2014,121.8300018,122.0599976,121.6299973,122.0599976,3490100
08/09/2014,121.5800018,121.6100006,120.3700027,120.7300034,7506500
09/09/2014,120.5699997,120.9400024,120,120.8700027,6157300
10/09/2014,120.1299973,120.5400009,119.6399994,120.2600021,7021500
11/09/2014,119.6100006,119.6999969,118.7699966,119.4700012,7612000
12/09/2014,118.6299973,118.9000015,118.0699997,118.3799973,8126500
15/09/2014,118.7900009,118.8600006,118.4599991,118.6399994,4775400
16/09/2014,118.8499985,119.4300003,118.4400024,118.8300018,6544500
17/09/2014,118.9499969,119.2399979,117.5,117.5400009,8328700
18/09/2014,117.4100037,118.0899963,117.1900024,117.7799988,5368700
19/09/2014,117.5100021,117.5699997,116.7200012,117.0899963,10930200
22/09/2014,116.7200012,117.3700027,116.5800018,116.8499985,7601600
23/09/2014,117.9899979,117.9899979,117.3099976,117.5999985,4664800
24/09/2014,117.1200027,117.7200012,116.9000015,117.0500031,5515000
25/09/2014,116.3000031,117.7600021,116.1999969,117.3899994,7631700
26/09/2014,117.0199966,117.0999985,116.5800018,117.0599976,4185200
29/09/2014,117.2699966,117.4000015,116.9000015,117.0299988,4049500
30/09/2014,116.5400009,117.3499985,115.8499985,116.2099991,10170100
01/10/2014,116.6100006,117.2600021,116.5899963,116.7699966,7018800
02/10/2014,116.8600006,117.2099991,116.3300018,116.7399979,6349900
03/10/2014,115.1699982,115.5100021,114.4199982,114.6100006,11301300
06/10/2014,115.1600037,116.3099976,114.9400024,116.0299988,7644100
07/10/2014,116.3099976,116.6299973,116.0899963,116.3600006,5274700
08/10/2014,117.0299988,117.7099991,115.8499985,117.4700012,10670900
09/10/2014,117.8600006,118.2600021,117.4899979,117.6399994,6610500
10/10/2014,117.6999969,117.7399979,117.1900024,117.5899963,4651400
13/10/2014,118.1399994,118.6699982,117.9300003,118.5199966,5396300
14/10/2014,118.5800018,118.8199997,118.3499985,118.5899963,5174800
15/10/2014,119.2300034,120.1800003,118.5899963,118.9899979,9453800
16/10/2014,119.0199966,119.6500015,118.8799973,119.2200012,6545400
17/10/2014,119.0599976,119.2300034,118.4199982,118.9899979,8059000
20/10/2014,119.6800003,119.8600006,119.5400009,119.8000031,3033700
21/10/2014,120.2699966,120.5,119.9100037,120.0199966,4566100
22/10/2014,119.6900024,119.7900009,119.25,119.3399963,3740200
23/10/2014,118.7099991,118.8199997,117.8799973,118.5199966,6417500
24/10/2014,118.6200027,118.6299973,118.1200027,118.3499985,3610600
27/10/2014,118.1800003,118.3700027,118.0100021,118.0599976,2443600
28/10/2014,118.4800034,118.4800034,118.0100021,118.0999985,3260100
29/10/2014,117.6500015,117.9100037,116.1399994,116.4100037,7900800
30/10/2014,115.8000031,115.8300018,114.9400024,115.1900024,7852200
31/10/2014,111.8300018,112.8799973,111.6600037,112.6600037,18208200
03/11/2014,112.3899994,112.6800003,112,112.1500015,6589800
04/11/2014,112.1200027,112.7099991,112.0800018,112.2200012,6430100
05/11/2014,109.9199982,110.8399963,109.6699982,109.7900009,13560100
06/11/2014,109.9199982,110.4899979,109.75,109.8799973,7019900
07/11/2014,110.7799988,113.1500015,110.7300034,112.9700012,10916500
10/11/2014,112.2399979,112.2399979,110.2799988,110.4599991,8548500
11/11/2014,111.0800018,112.7600021,110.8700027,112.0400009,8603200
12/11/2014,112.0500031,112.1699982,111.2300034,111.5,5133300
13/11/2014,111.8899994,112.2600021,111.2200012,111.6699982,4874600
14/11/2014,110.7600021,114.7200012,110.6500015,114.4700012,14173600
17/11/2014,113.9700012,114.2699966,113.5599976,114.0500031,5441000
18/11/2014,114.8600006,115.1699982,114.5500031,115.0500031,5586700
19/11/2014,114.9300003,115.3499985,112.8799973,113.6800003,11997700
20/11/2014,114.5699997,115.0199966,114.0899963,114.8600006,5607800
21/11/2014,115.5800018,115.9599991,114.4700012,115.3899994,6564300
24/11/2014,115.1500015,115.3700027,114.7900009,115.1100006,4695000
25/11/2014,115.0999985,115.4700012,114.9000015,115.3799973,9051800
26/11/2014,115.25,115.3399963,114.9800034,115.1600037,3184000
28/11/2014,113.5299988,113.8300018,111.9499969,112.1100006,9616300
01/12/2014,113.8000031,117.3600006,113.7399979,116.5800018,15644000
02/12/2014,115.1299973,115.7099991,114.7200012,115.1399994,6378100
03/12/2014,115.6800003,116.7600021,115.5599976,116.3300018,5758800
04/12/2014,116.0100021,116.3399963,115.6100006,115.8799973,3623600
05/12/2014,115.1600037,115.1800003,114.2399979,114.4300003,6331000
08/12/2014,114.9700012,116.1600037,114.4599991,115.7799988,5224500
09/12/2014,117.0400009,118.9899979,116.9800034,118.1900024,10467200
10/12/2014,118.1500015,118.4700012,117.8099976,117.9599991,4277400
11/12/2014,116.9800034,118.3799973,116.8199997,117.6900024,5214500
12/12/2014,117.3899994,117.8000031,116.6800003,117.4100037,4736500
15/12/2014,116.2200012,116.9700012,114.3600006,114.3899994,8796000
16/12/2014,116.2799988,116.5,114.0699997,114.9499969,9174000
17/12/2014,115.0999985,115.4800034,113.5800018,114.2699966,9097300
18/12/2014,115.5899963,115.8099976,114.5800018,115.1500015,5258100
19/12/2014,115.0599976,115.2200012,114.7699966,114.7699966,4652300
22/12/2014,114.8099976,114.9700012,112.4100037,112.5500031,7483200
23/12/2014,112.8799973,113.3199997,112.6100006,112.7399979,7763300
24/12/2014,112.8300018,112.9199982,112.6600037,112.7699966,1501600
26/12/2014,114.8199997,114.9800034,114.5299988,114.8300018,3765600
29/12/2014,114.6100006,114.6399994,113.2300034,113.6699982,12963700
30/12/2014,114.9899979,116.2600021,114.9000015,115.1999969,7987300
31/12/2014,114.8899994,115,113.2799988,113.5800018,7624200
